segment_id,segment_name,source,source_branch,candidate_index,complexity,equation,expression_for_eval,rmse,mae,max_abs_error,r2,true_min,true_max,prediction_min,prediction_max,median_curve_rmse,p95_curve_rmse,first_difference_rmse,second_difference_rmse,mean_true_curve_range,mean_prediction_curve_range,mean_prediction_to_true_range_ratio,mean_excess_turning_points,passes_all_gates,failed_gates,gate_rmse,gate_median_curve_rmse,gate_p95_curve_rmse,gate_first_difference,gate_second_difference,gate_prediction_bounds,gate_mean_curve_range,gate_excess_turning_points
1,low_100_700,f0,all,18,21,(log(((log10_f + -2.4312704) - (log10_sigma * -0.43769565)) * log(log10_f)) * (-2.5135157 - (log10_sigma * -0.46328843))) - (log10_lambda_prime * -0.024414117),0.024414117*log10_lambda_prime + (0.46328843*log10_sigma - 2.5135157)*log((log10_f + 0.43769565*log10_sigma - 2.4312704)*log(log10_f)),0.01912834737939889,0.014210921253854914,0.09172738172134881,0.9625089845834283,-0.6020956252452706,-0.1268340114189922,-0.5650327226162539,-0.07995208117679212,0.014944948539104198,0.033500112902496465,0.007775093095944236,0.004846066243134396,0.2580248481406932,0.27613089239116984,1.070171707806234,0.0,True,,,,,,,,,
1,low_100_700,f1,frequency_enhanced_f1,1,1,-0.3163689,-0.316368900000000,0.09879750010029495,0.07733224979333926,0.2857267252452706,-0.00014786939649180653,-0.6020956252452706,-0.1268340114189922,-0.3163689,-0.3163689,0.08016516813423967,0.16304407378277166,0.02267631013499043,0.003544042761979044,0.2580248481406932,0.0,0.0,0.0,False,rmse;median_curve_rmse;p95_curve_rmse;first_difference,False,False,False,False,True,True,True,True
1,low_100_700,f1,frequency_enhanced_f1,2,3,-0.32222575 - local_t3,-local_t3 - 0.32222575,0.07126284479576195,0.05770583436440142,0.23484652870636136,0.47964634024861896,-0.6020956252452706,-0.1268340114189922,-0.4162510662494514,-0.19722574999999998,0.05706691013247396,0.12973305252032666,0.016298180992477367,0.005611854498503352,0.2580248481406932,0.21902531624945132,0.8488535806831418,0.0,False,rmse;median_curve_rmse;p95_curve_rmse;first_difference;second_difference,False,False,False,False,False,True,True,True
1,low_100_700,f1,frequency_enhanced_f1,3,4,1.2722528 - sqrt(log10_f),1.2722528 - sqrt(log10_f),0.0602213029943815,0.04509689949512679,0.19444874597564665,0.6284026580419063,-0.6020956252452706,-0.1268340114189922,-0.40938578962049244,-0.14196076237309518,0.05377127710279854,0.10941615784948325,0.00792663631851529,0.0026135609385924173,0.2580248481406932,0.2674250272473973,1.0364312940185454,0.0,False,rmse;median_curve_rmse;p95_curve_rmse,False,False,False,True,True,True,True,True
1,low_100_700,f1,frequency_enhanced_f1,4,5,-0.7098729 / (log10_sigma - log10_f),-0.7098729/(-log10_f + log10_sigma),0.05827558005415806,0.04522739242296552,0.18088816884697462,0.652027027663028,-0.6020956252452706,-0.1268340114189922,-0.5112180715592446,-0.23856650646724165,0.05141971172137684,0.08459043953710886,0.015104795799114322,0.002800651520612468,0.2580248481406932,0.11943156457128741,0.46286846182413005,0.0,False,rmse;median_curve_rmse;p95_curve_rmse;first_difference,False,False,False,False,True,True,True,True
1,low_100_700,f1,frequency_enhanced_f1,5,7,((log10_f * -1.6279771) / log10_sigma) - -0.5637749,log10_f*(-1.6279771)/log10_sigma - 1*(-0.5637749),0.03431401976614272,0.026798413366582726,0.11664226370614472,0.879353286200348,-0.6020956252452706,-0.1268340114189922,-0.5280715501204652,-0.09061242043975581,0.03217575903995191,0.05196490575352717,0.007534200152627161,0.0024007307847133245,0.2580248481406932,0.28725177228308924,1.1132717424426481,0.0,False,rmse;median_curve_rmse;p95_curve_rmse,False,False,False,True,True,True,True,True
1,low_100_700,f1,frequency_enhanced_f1,6,9,(log10_f / ((log10_sigma - log10_f) / -0.3442494)) - -0.10045512,log10_f/(((-log10_f + log10_sigma)/(-0.3442494))) - 1*(-0.10045512),0.031012758357698154,0.024300601416457963,0.09616230240368279,0.9014508022208609,-0.6020956252452706,-0.1268340114189922,-0.6006193017487943,-0.13092820710389158,0.028888938589932953,0.046334573183094245,0.008937161549702272,0.0020583837683221425,0.2580248481406932,0.2699301162561638,1.0461400062872201,0.0,False,rmse;median_curve_rmse;p95_curve_rmse;first_difference,False,False,False,False,True,True,True,True
1,low_100_700,f1,frequency_enhanced_f1,7,10,((log(log10_f) * -1.2555288) + 0.67863095) / (log10_sigma - 3.1350896),(0.67863095 - 1.2555288*log(log10_f))/(log10_sigma - 3.1350896),0.02768394734941281,0.021539123572581687,0.0985947799592563,0.9214713137392025,-0.6020956252452706,-0.1268340114189922,-0.5793715291657464,-0.10412206335823297,0.025136764517237897,0.04343839405137885,0.006830735659919106,0.0035466779199613157,0.2580248481406932,0.2829058469169945,1.0964286926456572,0.0,False,rmse;median_curve_rmse;p95_curve_rmse,False,False,False,True,True,True,True,True
1,low_100_700,f1,frequency_enhanced_f1,8,11,log10_f / ((0.6601325 - ((log10_sigma + local_t2) - log10_f)) / 0.18650693),log10_f/(((0.6601325 - (local_t2 - log10_f + log10_sigma))/0.18650693)),0.025326908955282,0.020028000180682463,0.11224825377227082,0.9342740788973894,-0.6020956252452706,-0.1268340114189922,-0.5829576644772971,-0.1453993359851316,0.021495122855219158,0.044774773915930516,0.007379490231972782,0.002342992593751534,0.2580248481406932,0.22233255619333533,0.8616711056917435,0.47333333333333333,False,rmse;median_curve_rmse;p95_curve_rmse;excess_turning_points,False,False,False,True,True,True,True,False
1,low_100_700,f1,frequency_enhanced_f1,9,13,(log10_f / ((0.4359161 - (log10_sigma - log10_f)) / 0.21979582)) - (local_t2 / log10_lambda_prime),-local_t2/log10_lambda_prime + log10_f/(((0.4359161 - (-log10_f + log10_sigma))/0.21979582)),0.023374570818181683,0.01880277057602656,0.0928134261879957,0.9440165583376926,-0.6020956252452706,-0.1268340114189922,-0.5970225114331077,-0.10336961823594293,0.020168966968884983,0.04018406988626294,0.004235067843912398,0.001289336266798953,0.2580248481406932,0.262487361138711,1.017294896325584,0.25333333333333335,False,rmse;median_curve_rmse;p95_curve_rmse;excess_turning_points,False,False,False,True,True,True,True,False
1,low_100_700,f1,frequency_enhanced_f1,10,15,(log10_f / ((0.4359161 - (log10_sigma - log10_f)) / 0.21979582)) - (local_t2 / (local_t + log10_lambda_prime)),-local_t2/(local_t + log10_lambda_prime) + log10_f/(((0.4359161 - (-log10_f + log10_sigma))/0.21979582)),0.023294725624223186,0.018447231241433416,0.10129030664970812,0.9443983727668415,-0.6020956252452706,-0.1268340114189922,-0.5893317169304295,-0.11190191813467834,0.019207385792935846,0.04104054553971546,0.004648668298427632,0.0015160498817847006,0.2580248481406932,0.2514056493375729,0.9743466613746012,0.36,False,rmse;median_curve_rmse;p95_curve_rmse;excess_turning_points,False,False,False,True,True,True,True,False
1,low_100_700,f1,frequency_enhanced_f1,11,16,(log10_f / (sqrt(log10_sigma) - ((log10_sigma - log10_f) / 0.21729852))) - (local_t2 * (log10_f / log10_k0_prime)),-local_t2*log10_f/log10_k0_prime + log10_f/(4.60196415511712*log10_f + sqrt(log10_sigma) - 4.60196415511712*log10_sigma),0.023468738353437414,0.018727042372991186,0.09153569415941398,0.9435645764062659,-0.6020956252452706,-0.1268340114189922,-0.5831324268485459,-0.11405498259511641,0.019570522033648508,0.0391177934844477,0.0050752998328227866,0.0016821015549755452,0.2580248481406932,0.25223257955159484,0.9775515085820726,0.3933333333333333,False,rmse;median_curve_rmse;p95_curve_rmse;excess_turning_points,False,False,False,True,True,True,True,False
1,low_100_700,f1,frequency_enhanced_f1,12,18,(log10_f / (sqrt(log10_k0_prime / -1.5775663) - ((log10_sigma - log10_f) / 0.21318832))) - ((log10_f * local_t2) / log10_k0_prime),-local_t2*log10_f/log10_k0_prime + log10_f/(4.69068849550482*log10_f - 4.69068849550482*log10_sigma + 0.796170697893326*sqrt(-log10_k0_prime)),0.021634864045949158,0.01775372105379585,0.0616231607888344,0.9520398377501618,-0.6020956252452706,-0.1268340114189922,-0.6052393615883435,-0.1105637900858664,0.018627000930321023,0.035533440706473955,0.004908083617646777,0.0016892253668305593,0.2580248481406932,0.25385634661707523,0.9838445732895267,0.38,False,rmse;median_curve_rmse;p95_curve_rmse;excess_turning_points,False,False,False,True,True,True,True,False
1,low_100_700,f1,frequency_enhanced_f1,13,20,(((0.02995726 - (local_t2 * 0.028798446)) * log10_k0_prime) + (log10_f / (sqrt(log10_sigma) * ((log10_sigma - log10_f) / -0.6645863)))) + 0.2875821,log10_f/(sqrt(log10_sigma)*(1.50469547747223*log10_f - 1.50469547747223*log10_sigma)) + log10_k0_prime*(0.02995726 - 0.028798446*local_t2) + 0.2875821,0.02237952388537572,0.018075609626445388,0.06653226985540384,0.948681495895613,-0.6020956252452706,-0.1268340114189922,-0.5751412296961629,-0.09791693960424203,0.018916349791284454,0.03613017856352732,0.004356730543952542,0.0013063295068253854,0.2580248481406932,0.25571687328747433,0.9910552225111265,0.30666666666666664,False,rmse;median_curve_rmse;p95_curve_rmse;excess_turning_points,False,False,False,True,True,True,True,False
1,low_100_700,f1,frequency_enhanced_f1,14,21,((log10_f / ((log10_f - log10_sigma) * ((log10_sigma - log10_f) / 0.3902378))) + ((0.03463121 - (local_t2 * 0.037870444)) * log10_k0_prime)) + 0.17899214,log10_f/(((-log10_f + log10_sigma)*(log10_f - log10_sigma)/0.3902378)) + log10_k0_prime*(0.03463121 - 0.037870444*local_t2) + 0.17899214,0.020396939460979393,0.016046640856526993,0.06608698548345038,0.9573712776273323,-0.6020956252452706,-0.1268340114189922,-0.6206723917415912,-0.11297852369553371,0.015964938086582593,0.034463716149934334,0.004202522283209724,0.0013649507392578697,0.2580248481406932,0.24271331938588123,0.9406587045195621,0.34,False,rmse;median_curve_rmse;excess_turning_points,False,False,True,True,True,True,True,False
1,low_100_700,f1,frequency_enhanced_f1,15,23,(((0.031398084 - (local_t2 * 0.037184976)) * log10_k0_prime) + ((log10_f / (((log10_sigma - log10_f) / -0.38743982) * (log10_sigma - log10_f))) + 0.16460446)) - 0.013977769,log10_f/(((-log10_f + log10_sigma)*(-log10_f + log10_sigma)/(-0.38743982))) + log10_k0_prime*(0.031398084 - 0.037184976*local_t2) - 1*0.013977769 + 0.16460446,0.02036849674114388,0.01596996962481106,0.06346929806595547,0.9574900828465562,-0.6020956252452706,-0.1268340114189922,-0.6187116296027878,-0.11609580706847514,0.016144184069410004,0.03481052140708111,0.004249738196742012,0.0013627177101835136,0.2580248481406932,0.24043807388595742,0.9318407727726042,0.32666666666666666,False,rmse;median_curve_rmse;excess_turning_points,False,False,True,True,True,True,True,False
2,midlow_700_1000,f0,all,15,22,((((log10_sigma * -1.7927575) + ((log((alpha_infinity - log10_lambda) / log10_f) * -0.7611404) + 5.491988)) - (-10.715271 / log10_f)) / log10_lambda) + -0.31381476,-0.31381476 + (-1.7927575*log10_sigma - 0.7611404*log((alpha_infinity - log10_lambda)/log10_f) + 5.491988 + 10.715271/log10_f)/log10_lambda,0.01593433682840176,0.010987819494932763,0.13287481432073128,0.97150533721078,-0.6045116854711113,-0.23762858073558726,-0.6152079399882533,-0.22097531975056917,0.009647487077665762,0.028192494784326366,0.004507279291217519,0.0012912149678646894,0.03160482977526805,0.03430660013538966,1.0854859962649075,0.0,True,,,,,,,,,
2,midlow_700_1000,f1,frequency_enhanced_f1,1,1,-0.37748042,-0.377480420000000,0.0944214395573837,0.08109715612433095,0.22703126547111135,-0.0005453320653496796,-0.6045116854711113,-0.23762858073558726,-0.37748042,-0.37748042,0.08020118543913535,0.1778102616183669,0.006025832037378092,0.0010639361880321204,0.03160482977526805,0.0,0.0,0.0,False,rmse;median_curve_rmse;p95_curve_rmse;first_difference,False,False,False,False,True,True,True,True
2,midlow_700_1000,f1,frequency_enhanced_f1,2,3,-1.7831424 / log10_sigma,-1.7831424/log10_sigma,0.07817353123943258,0.06739354541751813,0.18979342386452785,0.31417234123004023,-0.6045116854711113,-0.23762858073558726,-0.4228963843784034,-0.35837905124664077,0.06871467465963874,0.14317323936964216,0.006025832037378092,0.0010639361880321204,0.03160482977526805,0.0,0.0,0.0,False,rmse;median_curve_rmse;p95_curve_rmse;first_difference,False,False,False,False,True,True,True,True
2,midlow_700_1000,f1,frequency_enhanced_f1,3,4,log(log10_sigma * 0.14636569),log(0.14636569*log10_sigma),0.05248660576366616,0.04436993892734762,0.1482836943492883,0.6908334411010062,-0.6045116854711113,-0.23762858073558726,-0.48264177762699106,-0.31710581140480404,0.042354334561563026,0.09419740549480708,0.006025832037378092,0.0010639361880321204,0.03160482977526805,0.0,0.0,0.0,False,rmse;median_curve_rmse;p95_curve_rmse;first_difference,False,False,False,False,True,True,True,True
2,midlow_700_1000,f1,frequency_enhanced_f1,4,5,(log10_sigma * 0.44005868) + -2.440993,log10_sigma*0.44005868 - 2.440993,0.021247327452675352,0.0145913042740514,0.17454206295330155,0.9493354537575878,-0.6045116854711113,-0.23762858073558726,-0.5854857888201055,-0.25144735533562823,0.0136040677895575,0.03826861100699994,0.006025832037378092,0.0010639361880321204,0.03160482977526805,0.0,0.0,0.0,False,rmse;median_curve_rmse;p95_curve_rmse;first_difference,False,False,False,False,True,True,True,True
2,midlow_700_1000,f1,frequency_enhanced_f1,5,7,((-27.309471 / log10_sigma) - -4.7327876) / log10_f,(-1*(-4.7327876) - 27.309471/log10_sigma)/log10_f,0.019415105996013142,0.01310352488658736,0.16538386689185047,0.9576966201358356,-0.6045116854711113,-0.23762858073558726,-0.6115338188525091,-0.25277347707786324,0.011346347885937389,0.034877221477975,0.0045710929494893115,0.0011959428875246954,0.03160482977526805,0.017674631830196012,0.5592383175569914,0.0,False,rmse;median_curve_rmse;p95_curve_rmse,False,False,False,True,True,True,True,True
2,midlow_700_1000,f1,frequency_enhanced_f1,6,8,(log10_f + -4.948957) * log(5.6443543 / log10_sigma),(log10_f - 4.948957)*log(5.6443543/log10_sigma),0.018750677430560872,0.012534995036966583,0.15815932753921735,0.9605425094988489,-0.6045116854711113,-0.23762858073558726,-0.6116124253661082,-0.24699085705633303,0.010669048377018438,0.0329439411495247,0.00424063095270149,0.0012102161659144398,0.03160482977526805,0.025476717547848384,0.8061020334235389,0.0,False,rmse;median_curve_rmse;p95_curve_rmse,False,False,False,True,True,True,True,True
2,midlow_700_1000,f1,frequency_enhanced_f1,7,9,((log10_sigma * -1.7967757) + 9.951806) / (log10_lambda - local_t3),(9.951806 + log10_sigma*(-1.7967757))/(-local_t3 + log10_lambda),0.0190317995676189,0.01375733275441744,0.13469327007244253,0.9593504964557221,-0.6045116854711113,-0.23762858073558726,-0.6316533059586109,-0.23061901450577083,0.013145204273402196,0.03266832402268599,0.00524063705070089,0.002533743772300052,0.03160482977526805,0.016649102706620924,0.5267898237392015,0.0,False,rmse;median_curve_rmse;p95_curve_rmse;first_difference;second_difference,False,False,False,False,False,True,True,True
2,midlow_700_1000,f1,frequency_enhanced_f1,8,10,((log10_sigma * 0.6573624) + -3.6450684) / log(log10_f + alpha_infinity),(0.6573624*log10_sigma - 3.6450684)/log(alpha_infinity + log10_f),0.020952319229686215,0.014601091601423179,0.15171454662511852,0.9507325890769356,-0.6045116854711113,-0.23762858073558726,-0.5730887722237256,-0.23278544868827936,0.012917660898398553,0.046358920528745705,0.005321598249874293,0.001116348239145128,0.03160482977526805,0.007802887682976915,0.2468890906377532,0.0,False,rmse;median_curve_rmse;p95_curve_rmse;first_difference,False,False,False,False,True,True,True,True
2,midlow_700_1000,f1,frequency_enhanced_f1,9,11,(-0.07345912 / alpha_infinity) + (((log10_sigma * -1.8001807) + 9.768599) / log10_lambda),(9.768599 + log10_sigma*(-1.8001807))/log10_lambda - 0.07345912/alpha_infinity,0.01942084266780367,0.014171995347119796,0.13949203734587134,0.9576716172891918,-0.6045116854711113,-0.23762858073558726,-0.604230233062613,-0.23840563056968125,0.014437921522039508,0.032489339903998264,0.006025832037378092,0.0010639361880321204,0.03160482977526805,0.0,0.0,0.0,False,rmse;median_curve_rmse;p95_curve_rmse;first_difference,False,False,False,False,True,True,True,True
2,midlow_700_1000,f1,frequency_enhanced_f1,10,12,((log10_sigma * -2.46035) + 13.624853) / (log10_lambda - log(alpha_infinity * log10_f)),(13.624853 - 2.46035*log10_sigma)/(log10_lambda - log(alpha_infinity*log10_f)),0.019660563475598792,0.01431513262374949,0.13737102187766925,0.956620208873343,-0.6045116854711113,-0.23762858073558726,-0.5893538383615128,-0.23995167810089538,0.01339270181186429,0.03630518534183275,0.005712701193130807,0.0010853935536470922,0.03160482977526805,0.003225651590512993,0.10206198272382991,0.0,False,rmse;median_curve_rmse;p95_curve_rmse;first_difference,False,False,False,False,True,True,True,True
2,midlow_700_1000,f1,frequency_enhanced_f1,11,13,(-0.07345604 / alpha_infinity) + ((((log10_sigma * -1.800189) - local_t3) + 9.764119) / log10_lambda),(-local_t3 + log10_sigma*(-1.800189) + 9.764119)/log10_lambda - 0.07345604/alpha_infinity,0.017442375467048254,0.012682022908483581,0.12024402069762158,0.9658565975487564,-0.6045116854711113,-0.23762858073558726,-0.6288112816936924,-0.21924997865803744,0.012429878606237286,0.030844881101799056,0.007425308550403456,0.005577036269289248,0.03160482977526805,0.0441730446740109,1.397667539680215,0.0,False,rmse;median_curve_rmse;p95_curve_rmse;first_difference;second_difference;mean_curve_range,False,False,False,False,False,True,False,True
2,midlow_700_1000,f1,frequency_enhanced_f1,12,15,(((log10_sigma * -1.8018703) + 9.774653) / log10_lambda) + ((-0.07326827 / alpha_infinity) + (local_t * 0.035359435)),local_t*0.035359435 + (9.774653 + log10_sigma*(-1.8018703))/log10_lambda - 0.07326827/alpha_infinity,0.01659553997151303,0.012062206903241801,0.12396237151190614,0.9690914728474702,-0.6045116854711113,-0.23762858073558726,-0.6202294649180843,-0.2226433653242402,0.011122532289024455,0.030361386085092305,0.004178693580001207,0.0010639361880321184,0.03160482977526805,0.031507947985564305,0.9969345890994306,0.0,False,rmse;median_curve_rmse;p95_curve_rmse,False,False,False,True,True,True,True,True
2,midlow_700_1000,f1,frequency_enhanced_f1,13,17,(((((log10_sigma * -1.7789392) + 9.098945) / log10_lambda) + (local_t * 0.03535087)) + (-0.0705691 / alpha_infinity)) - 0.14228807,local_t*0.03535087 - 1*0.14228807 + (9.098945 + log10_sigma*(-1.7789392))/log10_lambda - 0.0705691/alpha_infinity,0.01572955350964743,0.010622328559789045,0.13077254080877265,0.9722330405788898,-0.6045116854711113,-0.23762858073558726,-0.6110576934946369,-0.2269412740240237,0.008638129279673591,0.028305440551963074,0.004178652824853347,0.001063936188032118,0.03160482977526805,0.03150031591863517,0.9966931049027618,0.0,True,,True,True,True,True,True,True,True,True
2,midlow_700_1000,f1,frequency_enhanced_f1,14,18,(alpha_infinity * 0.034369856) + ((((-1.7957276 * log10_sigma) + 9.222047) / (log10_lambda - (log(alpha_infinity) * local_t))) - 0.23273523),0.034369856*alpha_infinity + (9.222047 - 1.7957276*log10_sigma)/(-local_t*log(alpha_infinity) + log10_lambda) - 0.23273523,0.015564716813310765,0.010719064903914827,0.1296558569577404,0.9728119548647727,-0.6045116854711113,-0.23762858073558726,-0.6307524832066981,-0.23214509769795982,0.009422454354818258,0.02851025555396248,0.004344795055658427,0.0011639947789347425,0.03160482977526805,0.018552979199102523,0.5870298726817037,0.0,True,,True,True,True,True,True,True,True,True
2,midlow_700_1000,f1,frequency_enhanced_f1,15,19,((((log10_sigma * -1.7940142) + 9.222252) / log10_lambda) + ((((local_t * -0.195083) / log10_k0_prime) + 0.034330603) * alpha_infinity)) - 0.23001727,alpha_infinity*(local_t*(-0.195083)/log10_k0_prime + 0.034330603) - 1*0.23001727 + (9.222252 + log10_sigma*(-1.7940142))/log10_lambda,0.01533436499221265,0.01042792779593818,0.13022764776668994,0.973610745122503,-0.6045116854711113,-0.23762858073558726,-0.615980649697753,-0.21694396271535193,0.008520039860861688,0.027667007212187313,0.004027978287916158,0.0010639361880321202,0.03160482977526805,0.03178804002035496,1.0057969065611065,0.0,True,,True,True,True,True,True,True,True,True
2,midlow_700_1000,f1,frequency_enhanced_f1,16,21,((((log10_sigma * -1.764558) + 9.112172) / (log10_lambda - -0.08046456)) + (((local_t * (-0.19523501 / log10_k0_prime)) + 0.034199752) * alpha_infinity)) - 0.21869709,alpha_infinity*(local_t*(-0.19523501)/log10_k0_prime + 0.034199752) + (9.112172 + log10_sigma*(-1.764558))/(log10_lambda - 1*(-0.08046456)) - 1*0.21869709,0.015332401718439238,0.010496695150198049,0.12969919708816713,0.9736175019742445,-0.6045116854711113,-0.23762858073558726,-0.6177928754241941,-0.2170746007536902,0.00866986519610869,0.027690797308254574,0.0040281077232924385,0.0010639361880321193,0.03160482977526805,0.0318128094772707,1.0065806303492701,0.0,True,,True,True,True,True,True,True,True,True
2,midlow_700_1000,f1,frequency_enhanced_f1,17,22,((alpha_infinity * 0.035176635) + (((log10_sigma * -1.7759521) + 9.226086) / (log10_lambda - (local_t * log((local_t3 + 1.1457716) * alpha_infinity))))) - 0.20980431,0.035176635*alpha_infinity + (9.226086 - 1.7759521*log10_sigma)/(-local_t*log(alpha_infinity*(local_t3 + 1.1457716)) + log10_lambda) - 0.20980431,0.015450832108709334,0.010759021886746333,0.11873268868087877,0.973208361035839,-0.6045116854711113,-0.23762858073558726,-0.6336305998586007,-0.2300371301290332,0.00913718992605387,0.02796292872116651,0.0038369727639502604,0.0008907332412875237,0.03160482977526805,0.026276580638478,0.8314102884059954,0.04,True,,True,True,True,True,True,True,True,True
2,midlow_700_1000,f1,frequency_enhanced_f1,18,23,((((local_t / log10_k0_prime) * -0.1946585) + 0.03447674) * alpha_infinity) + ((((log10_sigma * -1.7981406) + 9.251797) / (log10_lambda - (local_t * local_t3))) - 0.22827724),alpha_infinity*(local_t*(-0.1946585)/log10_k0_prime + 0.03447674) + (9.251797 + log10_sigma*(-1.7981406))/(-local_t*local_t3 + log10_lambda) - 1*0.22827724,0.015279793253856045,0.010412772373431547,0.12835049636562035,0.9737982383764334,-0.6045116854711113,-0.23762858073558726,-0.6119763876195714,-0.2165847499923258,0.008493071795646883,0.02763230031964084,0.0037300215695182447,0.0007575817712403758,0.03160482977526805,0.03111019246036599,0.9843493124810584,0.0,True,,True,True,True,True,True,True,True,True
3,midhigh_1000_1300,f0,all,17,23,1.8184044 - (((log10_lambda / ((log10_sigma - -2.0163481) + ((((log10_f - 1.794509) * (log10_lambda - 0.8317369)) + log10_sigma) * alpha_infinity))) - -11.005611) / log10_sigma),1.8184044 - (log10_lambda/(alpha_infinity*(log10_sigma + (log10_f - 1*1.794509)*(log10_lambda - 1*0.8317369)) + log10_sigma - 1*(-2.0163481)) - 1*(-11.005611))/log10_sigma,0.022144298394941548,0.01632308133643197,0.12975518908987793,0.9192812763050776,-0.5640983638338812,-0.10728271801054544,-0.5379390996721627,-0.1227080780427483,0.015469513807509775,0.03636805227706232,0.004428902031983017,0.0005401716032289431,0.05434426604332723,0.039383988155423114,0.7247128542323731,0.0,True,,,,,,,,,
3,midhigh_1000_1300,f1,frequency_enhanced_f1,1,1,-0.3248497,-0.324849700000000,0.07794412310960543,0.06401516356164878,0.23924866383388121,-3.9576280411068865e-05,-0.5640983638338812,-0.10728271801054544,-0.3248497,-0.3248497,0.05907250562739054,0.14571742433535662,0.00998333635795786,0.0004925720197848866,0.05434426604332723,0.0,0.0,0.0,False,rmse;median_curve_rmse;p95_curve_rmse;first_difference,False,False,False,False,True,True,True,True
3,midhigh_1000_1300,f1,frequency_enhanced_f1,2,3,-1.5314676 / log10_sigma,-1.5314676/log10_sigma,0.06653734704279644,0.053935701716962325,0.23765941149904213,0.2712452507097639,-0.5640983638338812,-0.10728271801054544,-0.36320829499240825,-0.30779701357724987,0.04945178707076759,0.13451545088221986,0.00998333635795786,0.0004925720197848866,0.05434426604332723,0.0,0.0,0.0,False,rmse;median_curve_rmse;p95_curve_rmse;first_difference,False,False,False,False,True,True,True,True
3,midhigh_1000_1300,f1,frequency_enhanced_f1,3,4,sqrt(log10_sigma) + -2.4897184,sqrt(log10_sigma) - 2.4897184,0.04740001442727541,0.03245057943561587,0.2889767430214675,0.6301655321070262,-0.5640983638338812,-0.10728271801054544,-0.4363067228435402,-0.2591183595334252,0.030268243134676742,0.08605440754922601,0.00998333635795786,0.0004925720197848866,0.05434426604332723,0.0,0.0,0.0,False,rmse;median_curve_rmse;p95_curve_rmse;first_difference,False,False,False,False,True,True,True,True
3,midhigh_1000_1300,f1,frequency_enhanced_f1,4,5,(6.005877 - log10_sigma) / log10_lambda,(6.005877 - log10_sigma)/log10_lambda,0.042135279920792204,0.029697891630673573,0.2695782421676649,0.7077582880289244,-0.5640983638338812,-0.10728271801054544,-0.4635089883379245,-0.23742687359419296,0.028757084451494302,0.07185058075472257,0.00998333635795786,0.0004925720197848866,0.05434426604332723,0.0,0.0,0.0,False,rmse;median_curve_rmse;p95_curve_rmse;first_difference,False,False,False,False,True,True,True,True
3,midhigh_1000_1300,f1,frequency_enhanced_f1,5,6,log(log10_f) + (-6.751817 / log10_sigma),log(log10_f) - 6.751817/log10_sigma,0.041158909076615256,0.026624649676359826,0.3051933351107975,0.7211451856705894,-0.5640983638338812,-0.10728271801054544,-0.5003012501217787,-0.22284609724517757,0.022853568261452115,0.06371925335417586,0.006996848472064742,0.0005893755270920581,0.05434426604332723,0.03316214148631747,0.6102233759101315,0.0,False,rmse;median_curve_rmse;p95_curve_rmse;first_difference,False,False,False,False,True,True,True,True
3,midhigh_1000_1300,f1,frequency_enhanced_f1,6,7,(5.997596 - log10_sigma) / (log10_lambda - local_t),(5.997596 - log10_sigma)/(-local_t + log10_lambda),0.03770405324025155,0.027588407541478618,0.23126436816850532,0.7659942567946545,-0.5640983638338812,-0.10728271801054544,-0.5214562233382376,-0.21373668395854808,0.0227845226734461,0.06415505204941077,0.0060869580032081785,0.001027982587934519,0.05434426604332723,0.07235408702671757,1.3314024145441874,0.0,False,rmse;median_curve_rmse;p95_curve_rmse;first_difference;second_difference;mean_curve_range,False,False,False,False,False,True,False,True
3,midhigh_1000_1300,f1,frequency_enhanced_f1,7,9,(6.062256 - log10_sigma) / ((log10_lambda + 1.3701385) - alpha_infinity),(6.062256 - log10_sigma)/(-alpha_infinity + log10_lambda + 1.3701385),0.040210011320921356,0.028387489384250137,0.24941500666246563,0.733854684038902,-0.5640983638338812,-0.10728271801054544,-0.4816213840451347,-0.23060129798356258,0.025642846742772535,0.07392344019476642,0.00998333635795786,0.0004925720197848866,0.05434426604332723,0.0,0.0,0.0,False,rmse;median_curve_rmse;p95_curve_rmse;first_difference,False,False,False,False,True,True,True,True
3,midhigh_1000_1300,f1,frequency_enhanced_f1,8,10,(5.641882 - log10_sigma) / ((log10_lambda - log(alpha_infinity)) + 1.5178193),(5.641882 - log10_sigma)/(log10_lambda - log(alpha_infinity) + 1.5178193),0.03483189419952459,0.02310510365738873,0.27173712684639906,0.8002877881785713,-0.5640983638338812,-0.10728271801054544,-0.5374564988914505,-0.20196357352744754,0.021143046216979926,0.05218694422013993,0.00998333635795786,0.0004925720197848866,0.05434426604332723,0.0,0.0,0.0,False,rmse;median_curve_rmse;p95_curve_rmse;first_difference,False,False,False,False,True,True,True,True
3,midhigh_1000_1300,f1,frequency_enhanced_f1,9,11,(6.062256 - log10_sigma) / (((6.062256 - log10_sigma) + log10_lambda) - alpha_infinity),(6.062256 - log10_sigma)/(-alpha_infinity + log10_lambda - log10_sigma + 6.062256),0.03495845842185396,0.022142616786004984,0.2802168873417051,0.7988338136981165,-0.5640983638338812,-0.10728271801054544,-0.5331466060499006,-0.21902078608746595,0.018777119495633533,0.051739818538394516,0.00998333635795786,0.0004925720197848866,0.05434426604332723,0.0,0.0,0.0,False,rmse;median_curve_rmse;p95_curve_rmse;first_difference,False,False,False,False,True,True,True,True
3,midhigh_1000_1300,f1,frequency_enhanced_f1,10,12,(5.729403 - log10_sigma) / (((log10_lambda - local_t) - log(alpha_infinity)) + 1.2111917),(5.729403 - log10_sigma)/(-local_t + log10_lambda - log(alpha_infinity) + 1.2111917),0.03197658282805318,0.022437797035113012,0.2212418520301237,0.8316882100552064,-0.5640983638338812,-0.10728271801054544,-0.6087815626567424,-0.18656499909619428,0.02223561618758268,0.04585575996201001,0.008259960992747924,0.0014394896930472157,0.05434426604332723,0.09087989969085779,1.6722996979736864,0.0,False,rmse;median_curve_rmse;p95_curve_rmse;first_difference;second_difference;mean_curve_range,False,False,False,False,False,True,False,True
3,midhigh_1000_1300,f1,frequency_enhanced_f1,11,13,(-4.5444217 - ((local_t + -27.079884) / log10_sigma)) / (log10_lambda - (-1.7404251 + alpha_infinity)),(-4.5444217 - (local_t - 27.079884)/log10_sigma)/(log10_lambda - (alpha_infinity - 1.7404251)),0.030472676934138812,0.01925112266017787,0.25187465898385647,0.8471478150325207,-0.5640983638338812,-0.10728271801054544,-0.5600319152777898,-0.18790819423187674,0.01587618210321358,0.0481638675933021,0.006345188697942594,0.0004925720197848802,0.05434426604332723,0.049955793310897605,0.9192468120016413,0.0,False,rmse;median_curve_rmse;p95_curve_rmse;first_difference,False,False,False,False,True,True,True,True
3,midhigh_1000_1300,f1,frequency_enhanced_f1,12,15,(-4.534997 - (-27.038702 / (log10_sigma + (local_t / log10_sigma)))) / (log10_lambda - (alpha_infinity + -1.739046)),(-4.534997 - (-1)*27.038702/(local_t/log10_sigma + log10_sigma))/(log10_lambda - (alpha_infinity - 1.739046)),0.029900365366649143,0.01925737921093672,0.2420080745172889,0.8528353754302995,-0.5640983638338812,-0.10728271801054544,-0.5746758515226487,-0.18638440007756138,0.016385748126398293,0.04703634931134571,0.005846241855667151,0.0005561088884947936,0.05434426604332723,0.06165989338909103,1.1346163611802438,0.0,False,rmse;median_curve_rmse;p95_curve_rmse;first_difference,False,False,False,False,True,True,True,True
3,midhigh_1000_1300,f1,frequency_enhanced_f1,13,17,(-4.4759393 - (-27.091772 / ((local_t / log10_sigma) + (log10_sigma - -0.090339065)))) / (log10_lambda - (alpha_infinity + -1.8541875)),(-4.4759393 - (-1)*27.091772/(local_t/log10_sigma + log10_sigma - 1*(-0.090339065)))/(log10_lambda - (alpha_infinity - 1.8541875)),0.0300746387482101,0.019639987190625204,0.23978860994926027,0.8511148869024832,-0.5640983638338812,-0.10728271801054544,-0.5762337894208022,-0.1855381348388114,0.017089892805290927,0.04831817085565742,0.005865057508773902,0.0005541848140721903,0.05434426604332723,0.061326010038089816,1.1284725050697386,0.0,False,rmse;median_curve_rmse;p95_curve_rmse;first_difference,False,False,False,False,True,True,True,True
3,midhigh_1000_1300,f1,frequency_enhanced_f1,14,18,(-4.5444217 - (-27.079884 / (log10_sigma + (local_t / (log10_sigma - log(alpha_infinity)))))) / (log10_lambda - (-1.7404251 + alpha_infinity)),(-4.5444217 + 27.079884/(local_t/(log10_sigma - log(alpha_infinity)) + log10_sigma))/(-alpha_infinity + log10_lambda + 1.7404251),0.029806790370775542,0.01944497738424526,0.23718935967839316,0.8537550552062362,-0.5640983638338812,-0.10728271801054544,-0.5760342449140806,-0.18301913104614206,0.016893195622809935,0.04675101847896441,0.00577403022751392,0.0005736390757030455,0.05434426604332723,0.06778964962271564,1.247411264486832,0.0,False,rmse;median_curve_rmse;p95_curve_rmse;first_difference,False,False,False,False,True,True,True,True
3,midhigh_1000_1300,f1,frequency_enhanced_f1,15,19,(-4.5444217 - (-27.079884 / (log10_sigma + (local_t / (log10_sigma - (alpha_infinity + -1.7404251)))))) / (log10_lambda - (alpha_infinity + -1.7404251)),(-4.5444217 - (-1)*27.079884/(local_t/(log10_sigma - (alpha_infinity - 1.7404251)) + log10_sigma))/(log10_lambda - (alpha_infinity - 1.7404251)),0.029612769877006954,0.01886675358305856,0.24195838104635048,0.8556527548465855,-0.5640983638338812,-0.10728271801054544,-0.5687967047987742,-0.1855395670847096,0.016042161143766758,0.04688843795579603,0.005563157574017735,0.0005521929807353153,0.05434426604332723,0.0592840387455489,1.090897771961504,0.0,False,rmse;median_curve_rmse;p95_curve_rmse;first_difference,False,False,False,False,True,True,True,True
3,midhigh_1000_1300,f1,frequency_enhanced_f1,16,20,(-4.2838397 - (-25.795883 / ((local_t / (log10_sigma / sqrt(alpha_infinity))) + log10_sigma))) / (log10_lambda - ((alpha_infinity + -1.7836628) - local_t3)),(-4.2838397 + 25.795883/(sqrt(alpha_infinity)*local_t/log10_sigma + log10_sigma))/(-alpha_infinity + local_t3 + log10_lambda + 1.7836628),0.02969375112455657,0.01923356177774115,0.23613406154622096,0.8548621902750742,-0.5640983638338812,-0.10728271801054544,-0.5562002645879531,-0.18536015394110558,0.015910447158161572,0.049891686900289764,0.005628910281191016,0.0018612879124577457,0.05434426604332723,0.05788393323486128,1.065134142923413,0.0,False,rmse;median_curve_rmse;p95_curve_rmse;first_difference;second_difference,False,False,False,False,False,True,True,True
3,midhigh_1000_1300,f1,frequency_enhanced_f1,17,23,((-4.5047135 - (-27.086971 / (log10_sigma + (local_t / (log10_sigma - alpha_infinity))))) / (log10_lambda + (local_t3 - ((alpha_infinity + -2.0354786) - local_t3)))) * 0.8924893,(-4.5047135 - (-1)*27.086971/(local_t/(-alpha_infinity + log10_sigma) + log10_sigma))*0.8924893/(local_t3 + log10_lambda - (alpha_infinity - local_t3 - 2.0354786)),0.02998437945217329,0.020136299315763564,0.23029729085820072,0.852007206860721,-0.5640983638338812,-0.10728271801054544,-0.5636247810250761,-0.18198432341259888,0.01774734242638546,0.0485846085045871,0.0064537294104995814,0.003984779691800973,0.05434426604332723,0.05725683128530081,1.0535947111632986,0.20666666666666667,False,rmse;median_curve_rmse;p95_curve_rmse;first_difference;second_difference;excess_turning_points,False,False,False,False,False,True,True,False
4,highlow_1300_1650,f0,sobol_subset,19,24,((((alpha_infinity + (log10_f - log10_lambda)) + (-27.890118 / log10_f)) * log((log10_sigma / (log10_sigma - log10_f)) / (log10_sigma - log10_f))) + -1.1673646) / log10_sigma,((alpha_infinity + log10_f - log10_lambda - 27.890118/log10_f)*log(log10_sigma/(-log10_f + log10_sigma)**2) - 1.1673646)/log10_sigma,0.031668257891285315,0.022781099972175065,0.14084723459346124,0.7392054870166838,-0.5013626275974356,0.03573182164252723,-0.4844146123096654,-0.059881065435788756,0.019429454681308432,0.05991138766189635,0.0046989859580413955,0.00034709352094119034,0.06347661867826011,0.05072679757532097,0.7991414576197994,0.0,True,,,,,,,,,
4,highlow_1300_1650,f1,frequency_enhanced_f1,1,1,-0.25393125,-0.253931250000000,0.062047252801412774,0.042074593080999124,0.28966307164252725,-0.0011409337492955807,-0.5013626275974356,0.03573182164252723,-0.25393125,-0.25393125,0.03803440166101735,0.1306329860521106,0.010578283058836287,0.0003215906000957149,0.06347661867826011,0.0,0.0,0.0,False,rmse;median_curve_rmse;p95_curve_rmse;first_difference,False,False,False,False,True,True,True,True
4,highlow_1300_1650,f1,frequency_enhanced_f1,2,3,-0.37154028 / alpha_infinity,-0.37154028/alpha_infinity,0.059017927553880085,0.04340295265788248,0.24707899454002852,0.0942298302294996,-0.5013626275974356,0.03573182164252723,-0.36735991792279166,-0.1793043289007505,0.03790922202727173,0.11549562909803486,0.010578283058836287,0.0003215906000957149,0.06347661867826011,0.0,0.0,0.0,False,rmse;median_curve_rmse;p95_curve_rmse;first_difference,False,False,False,False,True,True,True,True
4,highlow_1300_1650,f1,frequency_enhanced_f1,3,4,-0.31240278 / sqrt(alpha_infinity),-0.31240278/sqrt(alpha_infinity),0.054698391908409104,0.03616808629617019,0.27135074072055965,0.22196484452454535,-0.5013626275974356,0.03573182164252723,-0.31064031831047584,-0.21702378087279714,0.029671570604175405,0.11215864537772555,0.010578283058836287,0.0003215906000957149,0.06347661867826011,0.0,0.0,0.0,False,rmse;median_curve_rmse;p95_curve_rmse;first_difference,False,False,False,False,True,True,True,True
4,highlow_1300_1650,f1,frequency_enhanced_f1,4,5,(-1.7413782 / alpha_infinity) / log10_sigma,-1.7413782/(alpha_infinity*log10_sigma),0.055456884477962015,0.04058915999656214,0.2644579492251027,0.20023749559447301,-0.5013626275974356,0.03573182164252723,-0.36587557043544205,-0.17030439098132333,0.03828051290785636,0.10575578201342568,0.010578283058836287,0.0003215906000957149,0.06347661867826011,0.0,0.0,0.0,False,rmse;median_curve_rmse;p95_curve_rmse;first_difference,False,False,False,False,True,True,True,True
4,highlow_1300_1650,f1,frequency_enhanced_f1,5,6,sqrt(2.624148 - alpha_infinity) / log10_lambda,sqrt(2.624148 - alpha_infinity)/log10_lambda,0.051366517965779214,0.03602455858821447,0.252010342220542,0.3138637614714761,-0.5013626275974356,0.03573182164252723,-0.32569205160746817,-0.1824325625053565,0.031073335306876844,0.10028143077529762,0.010578283058836287,0.0003215906000957149,0.06347661867826011,0.0,0.0,0.0,False,rmse;median_curve_rmse;p95_curve_rmse;first_difference,False,False,False,False,True,True,True,True
4,highlow_1300_1650,f1,frequency_enhanced_f1,6,7,(alpha_infinity * 0.13633303) + (1.881654 / log10_lambda),alpha_infinity*0.13633303 + 1.881654/log10_lambda,0.050490591421596086,0.03674698994165013,0.2333314065265737,0.337064891519433,-0.5013626275974356,0.03573182164252723,-0.3451451762792589,-0.16536813158509134,0.03423740962309159,0.0933741992809729,0.010578283058836287,0.0003215906000957149,0.06347661867826011,0.0,0.0,0.0,False,rmse;median_curve_rmse;p95_curve_rmse;first_difference,False,False,False,False,True,True,True,True
4,highlow_1300_1650,f1,frequency_enhanced_f1,7,8,((log(alpha_infinity) - log10_lambda) - 5.6575513) / log10_sigma,(-log10_lambda + log(alpha_infinity) - 5.6575513)/log10_sigma,0.046867444895554285,0.03557806115729672,0.2181900049355012,0.4287941341044551,-0.5013626275974356,0.03573182164252723,-0.3984710071681229,-0.1419762441770453,0.03283600701608075,0.08210729237730513,0.010578283058836287,0.0003215906000957149,0.06347661867826011,0.0,0.0,0.0,False,rmse;median_curve_rmse;p95_curve_rmse;first_difference,False,False,False,False,True,True,True,True
4,highlow_1300_1650,f1,frequency_enhanced_f1,8,9,((alpha_infinity - (log10_lambda - -7.378588)) / log10_sigma) * 0.6682605,(alpha_infinity - (log10_lambda - 1*(-7.378588)))*0.6682605/log10_sigma,0.046591294376731734,0.03411453027110744,0.23901524331798144,0.43550557678714685,-0.5013626275974356,0.03573182164252723,-0.3764500177112,-0.15871397917479466,0.03096628370812971,0.08262728262136916,0.010578283058836287,0.0003215906000957149,0.06347661867826011,0.0,0.0,0.0,False,rmse;median_curve_rmse;p95_curve_rmse;first_difference,False,False,False,False,True,True,True,True
4,highlow_1300_1650,f1,frequency_enhanced_f1,9,10,(log(alpha_infinity) - (log10_lambda - -5.6551204)) / (local_t + log10_sigma),(-log10_lambda + log(alpha_infinity) - 5.6551204)/(local_t + log10_sigma),0.04245201424438115,0.03153139000176488,0.2009953712935401,0.531352066456944,-0.5013626275974356,0.03573182164252723,-0.44237213075199805,-0.13002951450624609,0.028682300872365465,0.07300609853970128,0.007224066115404177,0.00038480582274503497,0.06347661867826011,0.04852230565904439,0.7644122618595408,0.0,False,rmse;median_curve_rmse;p95_curve_rmse;first_difference;second_difference,False,False,False,False,False,True,True,True
4,highlow_1300_1650,f1,frequency_enhanced_f1,10,11,((alpha_infinity - (log10_lambda - -7.3973236)) * 0.6599333) / (local_t + log10_sigma),(alpha_infinity - (log10_lambda - 1*(-7.3973236)))*0.6599333/(local_t + log10_sigma),0.041948154726442984,0.0300819858977407,0.22071866130209455,0.5424107361564916,-0.5013626275974356,0.03573182164252723,-0.4164583780398351,-0.14634267021611086,0.027955914556549846,0.07710116436202277,0.0071874057439046445,0.00037861999359661104,0.06347661867826011,0.04823111505409085,0.7598248939275866,0.0,False,rmse;median_curve_rmse;p95_curve_rmse;first_difference,False,False,False,False,True,True,True,True
4,highlow_1300_1650,f1,frequency_enhanced_f1,11,13,(((alpha_infinity * ((local_t / log10_sigma) - -0.62354773)) - log10_lambda) - 6.207062) / log10_sigma,(alpha_infinity*(local_t/log10_sigma - 1*(-0.62354773)) - log10_lambda - 1*6.207062)/log10_sigma,0.04038425119978635,0.030176564389197826,0.1813742842412664,0.5758942377998064,-0.5013626275974356,0.03573182164252723,-0.4139659714025504,-0.10043208094590343,0.026895439501677127,0.07210546791172479,0.005995116823275198,0.000321590600095718,0.06347661867826011,0.06143280261443306,0.967802064659644,0.0,False,rmse;median_curve_rmse;p95_curve_rmse;first_difference,False,False,False,False,True,True,True,True
4,highlow_1300_1650,f1,frequency_enhanced_f1,12,15,(((local_t / (log10_sigma - 1.8834624)) - (alpha_infinity * -0.61891407)) - (log10_lambda - -6.208189)) / log10_sigma,(-(-0.61891407)*alpha_infinity + local_t/(log10_sigma - 1*1.8834624) - (log10_lambda - 1*(-6.208189)))/log10_sigma,0.040547460360400696,0.03001927857327,0.1832450083317002,0.5724593436361364,-0.5013626275974356,0.03573182164252723,-0.4308683713987564,-0.10778358961798161,0.026477858026911306,0.07113397007453284,0.006055944740402077,0.00032159060009571614,0.06347661867826011,0.0666080309931299,1.0493317441929566,0.0,False,rmse;median_curve_rmse;p95_curve_rmse;first_difference,False,False,False,False,True,True,True,True
4,highlow_1300_1650,f1,frequency_enhanced_f1,13,16,(0.8422103 - (((local_t + alpha_infinity) + -1.9780204) * log(2.3538525 / (log10_sigma - log10_f)))) / log10_lambda,(-(alpha_infinity + local_t - 1.9780204)*log(2.3538525/(-log10_f + log10_sigma)) + 0.8422103)/log10_lambda,0.038303936491254825,0.023978673108887183,0.2159951823506057,0.6184627710677965,-0.5013626275974356,0.03573182164252723,-0.44399957182311,-0.13058841291889456,0.016947222696421477,0.07253198272178064,0.004869223690193078,0.0006101991195793662,0.06347661867826011,0.08854912212004319,1.3949880123398897,0.0,False,rmse;p95_curve_rmse;second_difference;mean_curve_range,False,True,False,True,False,True,False,True
4,highlow_1300_1650,f1,frequency_enhanced_f1,14,18,(0.9273819 - ((local_t + ((alpha_infinity + -3.4770074) + alpha_infinity)) * log(1.9937458 / (log10_sigma - log10_f)))) / log10_lambda,(-(2*alpha_infinity + local_t - 3.4770074)*log(1.9937458/(-log10_f + log10_sigma)) + 0.9273819)/log10_lambda,0.03704982140496251,0.021273999758483274,0.19618147782422388,0.6430377079743229,-0.5013626275974356,0.03573182164252723,-0.46023775309996107,-0.1090662179886164,0.012090037805142688,0.08238707207064357,0.0037519650921578975,0.0006078152613079441,0.06347661867826011,0.05326904093115363,0.8391915328879602,0.04666666666666667,False,rmse;p95_curve_rmse;second_difference,False,True,False,True,False,True,True,True
4,highlow_1300_1650,f1,frequency_enhanced_f1,15,20,((0.8073284 - (((local_t + -3.437306) + (alpha_infinity + alpha_infinity)) * log(1.9105217 / (log10_sigma - log10_f)))) / log10_lambda) * 1.1669763,1.1669763*(-(2*alpha_infinity + local_t - 3.437306)*log(1.9105217/(-log10_f + log10_sigma)) + 0.8073284)/log10_lambda,0.036694428049928215,0.02064574495416285,0.19271453606743855,0.6498530486093189,-0.5013626275974356,0.03573182164252723,-0.47281751321648274,-0.09848333235107289,0.010597024662104625,0.08320674723984602,0.0034100131824142247,0.0006688389186541755,0.06347661867826011,0.052310617663653275,0.8240926935443232,0.13333333333333333,False,rmse;p95_curve_rmse;second_difference;excess_turning_points,False,True,False,True,False,True,True,False
4,highlow_1300_1650,f1,frequency_enhanced_f1,16,22,((1.0614158 - (((alpha_infinity + ((local_t * 1.4342151) + -3.5162942)) + alpha_infinity) * log(1.9747274 / (log10_sigma - log10_f)))) / log10_lambda) + 0.036124963,0.036124963 + (-(2*alpha_infinity + 1.4342151*local_t - 3.5162942)*log(1.9747274/(-log10_f + log10_sigma)) + 1.0614158)/log10_lambda,0.035938073607631696,0.021460894110890232,0.19652569524526778,0.6641389111988796,-0.5013626275974356,0.03573182164252723,-0.48318342098780453,-0.08950087064797649,0.012516056816562315,0.07913140213800865,0.003104018014530685,0.00076989201920623,0.06347661867826011,0.07528320162380042,1.1859989267132136,0.02,False,rmse;p95_curve_rmse;second_difference,False,True,False,True,False,True,True,True
5,high_1650_2000,f0,all,16,23,(((sqrt(alpha_infinity) + (log10_sigma / log10_lambda)) * log10_lambda_prime) * (((log10_lambda * (log10_f - 2.3787313)) / log10_sigma) + (log(log10_sigma) / 2.3240132))) - 0.23466523,log10_lambda_prime*(sqrt(alpha_infinity) + log10_sigma/log10_lambda)*(log10_lambda*(log10_f - 2.3787313)/log10_sigma + 0.430290154978466*log(log10_sigma)) - 0.23466523,0.025988068562181246,0.01824128484590594,0.12910852442737364,0.8862498040999118,-0.40003336605212997,0.08606610122713822,-0.3030934865029422,0.1488465446503105,0.017839289114237142,0.05358537003192333,0.006832866633625403,0.00031446837413547817,0.04948787434447776,0.03302088533423795,0.6672520444985061,0.0,True,,,,,,,,,
5,high_1650_2000,f1,frequency_enhanced_f1,1,1,-0.18791834,-0.187918340000000,0.07714393552658991,0.060055340195392735,0.2739844412271382,-0.002323071633790086,-0.40003336605212997,0.08606610122713822,-0.18791834,-0.18791834,0.05607999261141358,0.1565090628877069,0.008673403248924946,0.0003861139053295052,0.04948787434447776,0.0,0.0,0.0,False,rmse;median_curve_rmse;p95_curve_rmse;first_difference;second_difference,False,False,False,False,False,True,True,True
5,high_1650_2000,f1,frequency_enhanced_f1,2,3,-0.28072497 / alpha_infinity,-0.28072497/alpha_infinity,0.06190571433126026,0.045434816467369125,0.2442455466308085,0.3545455131293327,-0.40003336605212997,0.08606610122713822,-0.2775664106677159,-0.13547710722383405,0.03960938548995682,0.12022477314811643,0.008673403248924946,0.0003861139053295052,0.04948787434447776,0.0,0.0,0.0,False,rmse;median_curve_rmse;p95_curve_rmse;first_difference;second_difference,False,False,False,False,False,True,True,True
5,high_1650_2000,f1,frequency_enhanced_f1,3,5,(log10_sigma * -0.06021358) / alpha_infinity,log10_sigma*(-0.06021358)/alpha_infinity,0.05796960203817004,0.04163157882741683,0.2343531042630802,0.43401517987178917,-0.40003336605212997,0.08606610122713822,-0.2902793250605958,-0.13293399245471507,0.03535103253587554,0.11368497480329201,0.008673403248924946,0.0003861139053295052,0.04948787434447776,0.0,0.0,0.0,False,rmse;median_curve_rmse;p95_curve_rmse;first_difference;second_difference,False,False,False,False,False,True,True,True
5,high_1650_2000,f1,frequency_enhanced_f1,4,7,(log10_sigma + (-2.0529528 - alpha_infinity)) * -0.17210875,(-alpha_infinity + log10_sigma - 2.0529528)*(-0.17210875),0.04983495931390479,0.0378679080740914,0.1933973453890221,0.5817149317437549,-0.40003336605212997,0.08606610122713822,-0.31438024616009713,-0.056443035899345295,0.03778432257053629,0.08249219168340474,0.008673403248924946,0.0003861139053295052,0.04948787434447776,0.0,0.0,0.0,False,rmse;median_curve_rmse;p95_curve_rmse;first_difference;second_difference,False,False,False,False,False,True,True,True
5,high_1650_2000,f1,frequency_enhanced_f1,5,9,(((log10_sigma + 2.048282) + log10_lambda) - alpha_infinity) * -0.16507383,(-alpha_infinity + log10_lambda + log10_sigma + 2.048282)*(-0.16507383),0.04431485783557245,0.034311539015065964,0.17417783785679308,0.6692477049711724,-0.40003336605212997,0.08606610122713822,-0.34369586832787824,-0.029726738027676225,0.03138835421283964,0.07944313861435788,0.008673403248924946,0.0003861139053295052,0.04948787434447776,0.0,0.0,0.0,False,rmse;median_curve_rmse;p95_curve_rmse;first_difference;second_difference,False,False,False,False,False,True,True,True
5,high_1650_2000,f1,frequency_enhanced_f1,6,10,(sqrt(log10_sigma) + (log10_lambda + (log10_sigma - alpha_infinity))) * -0.15037753,0.15037753*alpha_infinity - 0.15037753*log10_lambda - 0.15037753*sqrt(log10_sigma) - 0.15037753*log10_sigma,0.04327518343021551,0.032729841574682714,0.17382924982627623,0.6845852633638378,-0.40003336605212997,0.08606610122713822,-0.3396120148879305,-0.035921930825116966,0.02861017636447836,0.08031075532315127,0.008673403248924946,0.0003861139053295052,0.04948787434447776,0.0,0.0,0.0,False,rmse;median_curve_rmse;p95_curve_rmse;first_difference;second_difference,False,False,False,False,False,True,True,True
5,high_1650_2000,f1,frequency_enhanced_f1,7,11,((-0.12528774 * (log10_sigma + (log10_lambda - 1.8543596))) * alpha_infinity) - 0.42449543,-0.12528774*alpha_infinity*(log10_lambda + log10_sigma - 1*1.8543596) - 1*0.42449543,0.03930039685085977,0.029715772395390673,0.1594072431143367,0.7398654619631434,-0.40003336605212997,0.08606610122713822,-0.32384691559575357,0.008198575308234146,0.027628054817901797,0.06869577829108442,0.008673403248924946,0.0003861139053295052,0.04948787434447776,0.0,0.0,0.0,False,rmse;median_curve_rmse;p95_curve_rmse;first_difference;second_difference,False,False,False,False,False,True,True,True
5,high_1650_2000,f1,frequency_enhanced_f1,8,12,(((log10_sigma + (log10_lambda - 1.1389838)) * -0.45084777) * log(alpha_infinity)) - 0.2832037,(-0.45084777*log10_lambda - 0.45084777*log10_sigma + 0.513508306296126)*log(alpha_infinity) - 0.2832037,0.03557268561301869,0.02652312336410355,0.14231361196843534,0.7868734995694119,-0.40003336605212997,0.08606610122713822,-0.28211906247245205,0.034186351474835674,0.02483945884767521,0.0660307844313574,0.008673403248924946,0.0003861139053295052,0.04948787434447776,0.0,0.0,0.0,False,rmse;median_curve_rmse;p95_curve_rmse;first_difference;second_difference,False,False,False,False,False,True,True,True
5,high_1650_2000,f1,frequency_enhanced_f1,9,13,((log(alpha_infinity) * ((log10_sigma + log10_lambda) - log(log10_f))) * -0.43646586) - 0.28782168,-0.43646586*(log10_lambda + log10_sigma - log(log10_f))*log(alpha_infinity) - 0.28782168,0.03505655622995316,0.0261031190554176,0.14050824055068528,0.7930132013076782,-0.40003336605212997,0.08606610122713822,-0.2858683704289766,0.03517148571570561,0.024738771854358597,0.06654353862931546,0.008280410889848355,0.00037637456979048884,0.04948787434447776,0.0040567363800997425,0.08197435096648932,0.0,False,rmse;median_curve_rmse;p95_curve_rmse;first_difference;second_difference,False,False,False,False,False,True,True,True
5,high_1650_2000,f1,frequency_enhanced_f1,10,14,(((log10_sigma + (log10_lambda - 1.1419364)) * -0.45787823) * (local_t3 + log(alpha_infinity))) - 0.28421947,(local_t3 + log(alpha_infinity))*(-0.45787823*log10_lambda - 0.45787823*log10_sigma + 0.522867817604572) - 0.28421947,0.031672566855624085,0.023859161287015325,0.1202368836232194,0.8310451478458994,-0.40003336605212997,0.08606610122713822,-0.3015229738198852,0.07395420040141626,0.022597570829810242,0.058853233798523315,0.006627908983265653,0.0038037173898817886,0.04948787434447776,0.035906753187102694,0.7255666900776765,0.0,False,rmse;median_curve_rmse;p95_curve_rmse;second_difference,False,False,False,True,False,True,True,True
5,high_1650_2000,f1,frequency_enhanced_f1,11,15,((local_t3 + log(alpha_infinity)) * (((log10_lambda + log10_sigma) - log(log10_f)) * -0.44210216)) - 0.288169,(local_t3 + log(alpha_infinity))*(-0.44210216*log10_lambda - 0.44210216*log10_sigma + 0.44210216*log(log10_f)) - 0.288169,0.03144669529842357,0.02358622715262188,0.12066219653444409,0.8334463438114212,-0.40003336605212997,0.08606610122713822,-0.3059003045601512,0.07433874850730032,0.02309025245361987,0.0593486886870141,0.006553579324413633,0.0039053555973170622,0.04948787434447776,0.04156825668440005,0.8399685222899164,0.0,False,rmse;median_curve_rmse;p95_curve_rmse;second_difference,False,False,False,True,False,True,True,True
5,high_1650_2000,f1,frequency_enhanced_f1,12,16,((((log10_lambda + log10_sigma) - 1.3104599) * ((log10_sigma + log10_lambda) - log(alpha_infinity))) * 0.3331484) - 0.16358042,0.3331484*(log10_lambda + log10_sigma - 1.3104599)*(log10_lambda + log10_sigma - log(alpha_infinity)) - 0.16358042,0.03180762190342385,0.02246534900929829,0.14652547336075952,0.829601194451581,-0.40003336605212997,0.08606610122713822,-0.30394046927299456,0.0703952131174643,0.0213461119930365,0.06462979827195851,0.008673403248924946,0.0003861139053295052,0.04948787434447776,0.0,0.0,0.0,False,rmse;median_curve_rmse;p95_curve_rmse;first_difference;second_difference,False,False,False,False,False,True,True,True
5,high_1650_2000,f1,frequency_enhanced_f1,13,18,(((log10_sigma + (log10_lambda - (local_t3 + log(alpha_infinity)))) * 0.3512068) * ((log10_lambda + log10_sigma) - 1.2845589)) - 0.16332275,(log10_lambda + log10_sigma - 1.2845589)*(-0.3512068*local_t3 + 0.3512068*log10_lambda + 0.3512068*log10_sigma - 0.3512068*log(alpha_infinity)) - 0.16332275,0.02791039941140108,0.019814119644880467,0.11914245098219657,0.8687992708783652,-0.40003336605212997,0.08606610122713822,-0.3249564658137909,0.10851235188009059,0.01713622677368109,0.058086922550399975,0.006682729168133628,0.0036348784070118698,0.04948787434447776,0.0359153561682334,0.7257405302606439,0.0,False,rmse;p95_curve_rmse;second_difference,False,True,False,True,False,True,True,True
5,high_1650_2000,f1,frequency_enhanced_f1,14,20,(((log10_sigma + (log10_lambda - ((1.6892772 * local_t3) + log(alpha_infinity)))) * 0.3512068) * ((log10_lambda + log10_sigma) - 1.2845589)) - 0.16332275,(log10_lambda + log10_sigma - 1.2845589)*(-0.59328563972496*local_t3 + 0.3512068*log10_lambda + 0.3512068*log10_sigma - 0.3512068*log(alpha_infinity)) - 0.16332275,0.027085683820275035,0.019348998229037087,0.11655029796676554,0.8764383342181976,-0.40003336605212997,0.08606610122713822,-0.3386060156097126,0.12949451549573274,0.017110640186623914,0.05391468110518362,0.008441774022324558,0.006121491632576798,0.04948787434447776,0.06067099230487602,1.225976930885215,0.0,False,rmse;first_difference;second_difference,False,True,True,False,False,True,True,True
5,high_1650_2000,f1,frequency_enhanced_f1,15,21,(((log10_lambda + (log10_sigma - ((local_t3 + log(alpha_infinity)) * sqrt(log10_f)))) * ((log10_lambda - 1.109233) + log10_sigma)) * 0.27069694) - 0.22262281,0.27069694*(log10_lambda + log10_sigma - 1.109233)*(-sqrt(log10_f)*(local_t3 + log(alpha_infinity)) + log10_lambda + log10_sigma) - 0.22262281,0.02614097981302218,0.01824853645679185,0.1112562935082418,0.8849072760035505,-0.40003336605212997,0.08606610122713822,-0.3182611111873791,0.12317634572031366,0.014686274905954588,0.05256599839206773,0.006557358990832147,0.003835047917031549,0.04948787434447776,0.03665808394989772,0.740748808379326,0.0,False,second_difference,True,True,True,True,False,True,True,True
5,high_1650_2000,f1,frequency_enhanced_f1,16,24,(((log10_sigma + (log10_lambda - 1.096417)) * (-2.82497 * (log10_lambda + (log10_sigma - ((local_t3 + log(local_t3 + alpha_infinity)) * 1.9490372))))) * -0.09084447) - 0.22744994,-0.09084447*(log10_lambda + log10_sigma - 1.096417)*(5.505971618884*local_t3 - 2.82497*log10_lambda - 2.82497*log10_sigma + 5.505971618884*log(alpha_infinity + local_t3)) - 0.22744994,0.025417972887054628,0.017733053439149174,0.10898247768806303,0.8911857007080023,-0.40003336605212997,0.08606610122713822,-0.34385998480974467,0.14017333140244378,0.014400881347551246,0.04685112363647136,0.008668497744091475,0.006383137880525213,0.04948787434447776,0.05900478014971975,1.1923078315911535,0.0,False,first_difference;second_difference;prediction_bounds,True,True,True,False,False,False,True,True
6,upperlow_2000_3000,f0,all,14,24,(log(log(log10_sigma - sqrt((log(alpha_infinity) * log(log10_sigma)) - ((log10_f + -2.304208) * -2.0097053)))) / 0.09788504) / (log10_lambda * (log10_sigma * 0.37589005)),27.1783350030051*log(log(log10_sigma - sqrt(2.0097053*log10_f + log(alpha_infinity)*log(log10_sigma) - 4.6307790299024)))/(log10_lambda*log10_sigma),0.03163751105364571,0.022644902489100352,0.19935570698227495,0.9191388224010105,-0.27962789330036236,0.23750064445405558,-0.32008098201651175,0.2048541016778201,0.02118341630815412,0.05779179247186782,0.003580558129431594,0.00034833718717895045,0.056608030803662335,0.04464350435018431,0.788642595695027,0.0,True,,,,,,,,,
6,upperlow_2000_3000,f1,frequency_enhanced_f1,1,1,-0.12809777,-0.128097770000000,0.11132155992601768,0.09350451707096412,0.3655984144540556,-0.0011381443377154188,-0.27962789330036236,0.23750064445405558,-0.12809777,-0.12809777,0.08556328687012388,0.21921391132916132,0.004089973786508946,0.00036956586223885906,0.056608030803662335,0.0,0.0,0.0,False,rmse;median_curve_rmse;p95_curve_rmse;first_difference,False,False,False,False,True,True,True,True
6,upperlow_2000_3000,f1,frequency_enhanced_f1,2,3,-0.19203962 / alpha_infinity,-0.19203962/alpha_infinity,0.10220552965809986,0.08552765353511996,0.34212035798639645,0.156113132702276,-0.27962789330036236,0.23750064445405558,-0.189878898301751,-0.09267779845150341,0.07737879603720389,0.1932604384628978,0.004089973786508946,0.00036956586223885906,0.056608030803662335,0.0,0.0,0.0,False,rmse;median_curve_rmse;p95_curve_rmse;first_difference,False,False,False,False,True,True,True,True
6,upperlow_2000_3000,f1,frequency_enhanced_f1,3,5,(log10_sigma * -0.44932106) + 1.9788588,1.9788588 + log10_sigma*(-0.44932106),0.05181575924912054,0.03857366060868585,0.30476586216050333,0.7831001886156254,-0.27962789330036236,0.23750064445405558,-0.25677252530184114,0.08429676803418551,0.035106436581039874,0.098931339099242,0.004089973786508946,0.00036956586223885906,0.056608030803662335,0.0,0.0,0.0,False,rmse;median_curve_rmse;p95_curve_rmse;first_difference,False,False,False,False,True,True,True,True
6,upperlow_2000_3000,f1,frequency_enhanced_f1,4,6,log(log10_sigma - log10_f) / -1.8998334,-0.526361943105117*log(-log10_f + log10_sigma),0.050425204516189176,0.039391602486599946,0.25641616095064823,0.7945856504819805,-0.27962789330036236,0.23750064445405558,-0.27071808966880934,0.15523128311122394,0.035594864734045904,0.09038182321333829,0.0037754510012817516,0.0003497097634675063,0.056608030803662335,0.06961070784288353,1.2296966853399178,0.0,False,rmse;median_curve_rmse;p95_curve_rmse;first_difference,False,False,False,False,True,True,True,True
6,upperlow_2000_3000,f1,frequency_enhanced_f1,5,8,(log(log10_sigma - log10_f) / alpha_infinity) / -1.3099078,-0.763412508880396*log(-log10_f + log10_sigma)/alpha_infinity,0.04676142174340403,0.03553379272406771,0.24887199713312425,0.8233511330747002,-0.27962789330036236,0.23750064445405558,-0.35570534697376077,0.12265259077448758,0.03155078672111933,0.0852158201219666,0.00368291026764103,0.0003519020813275876,0.056608030803662335,0.0676546443154778,1.1951421618980038,0.0,False,rmse;median_curve_rmse;p95_curve_rmse;prediction_bounds,False,False,False,True,True,False,True,True
6,upperlow_2000_3000,f1,frequency_enhanced_f1,6,9,((log10_sigma * -0.4473371) + 1.7999959) - (alpha_infinity * -0.10979254),-(-0.10979254)*alpha_infinity + log10_sigma*(-0.4473371) + 1.7999959,0.039273847296810466,0.02823923119023518,0.25470804520511664,0.8753930298038535,-0.27962789330036236,0.23750064445405558,-0.29974701325743625,0.11533407855106836,0.02657230418790365,0.07900767320763677,0.004089973786508946,0.00036956586223885906,0.056608030803662335,0.0,0.0,0.0,False,rmse;median_curve_rmse;p95_curve_rmse;first_difference,False,False,False,False,True,True,True,True
6,upperlow_2000_3000,f1,frequency_enhanced_f1,7,10,sqrt(log10_f) + ((log10_sigma * -0.45579204) - (alpha_infinity * -0.10839453)),0.10839453*alpha_infinity + sqrt(log10_f) - 0.45579204*log10_sigma,0.03761194824652785,0.02785770660217905,0.2338553560135332,0.8857155607614257,-0.27962789330036236,0.23750064445405558,-0.32585869544437984,0.14042622408421845,0.026361370537353858,0.07150286184791699,0.0037129351112508502,0.00034956483672240893,0.056608030803662335,0.04586756124721435,0.8102659745628686,0.0,False,rmse;median_curve_rmse;p95_curve_rmse,False,False,False,True,True,True,True,True
6,upperlow_2000_3000,f1,frequency_enhanced_f1,8,12,sqrt(log10_f) + (((log10_sigma * -0.44733673) - (alpha_infinity * -0.10979273)) - 0.04189093),0.10979273*alpha_infinity + sqrt(log10_f) - 0.44733673*log10_sigma - 0.04189093,0.03768357166127792,0.02794431280215412,0.23025994949875322,0.8852798888097917,-0.27962789330036236,0.23750064445405558,-0.32419487642707,0.13675363616685943,0.026231560420145357,0.07284120733344127,0.00371293511125085,0.0003495648367224086,0.056608030803662335,0.04586756124721437,0.810265974562869,0.0,False,rmse;median_curve_rmse;p95_curve_rmse,False,False,False,True,True,True,True,True
6,upperlow_2000_3000,f1,frequency_enhanced_f1,9,13,(log10_sigma * -0.4473392) + (sqrt(log10_f) - (sqrt(alpha_infinity - 0.874196) * -0.16215795)),sqrt(log10_f) - 0.4473392*log10_sigma + 0.16215795*sqrt(alpha_infinity - 0.874196),0.03734957397769574,0.027761295424660142,0.22808940597734273,0.8873044553296494,-0.27962789330036236,0.23750064445405558,-0.32526195707979433,0.13609653460332805,0.026094295115236567,0.07226883157132259,0.0037129351112508502,0.00034956483672240866,0.056608030803662335,0.04586756124721436,0.8102659745628689,0.0,False,rmse;median_curve_rmse;p95_curve_rmse,False,False,False,True,True,True,True,True
6,upperlow_2000_3000,f1,frequency_enhanced_f1,10,14,log((log10_sigma + (-0.4174001 - log10_f)) * ((log10_sigma - alpha_infinity) - 1.1159593)) / log10_lambda,log((-alpha_infinity + log10_sigma - 1.1159593)*(-log10_f + log10_sigma - 0.4174001))/log10_lambda,0.033240289427806616,0.023420689607105808,0.20686902527572,0.9107383243819435,-0.27962789330036236,0.23750064445405558,-0.3178137834128876,0.2285114795685622,0.021569347282329475,0.06061243174800345,0.0036066333122483753,0.00036156670367291986,0.056608030803662335,0.050142471877770774,0.8857837159480689,0.0,False,rmse,False,True,True,True,True,True,True,True
6,upperlow_2000_3000,f1,frequency_enhanced_f1,11,16,(log((log10_sigma + (-0.4141086 - log10_f)) * ((log10_sigma - alpha_infinity) - 0.9095552)) / log10_lambda) - -0.026820917,0.026820917 + log((-alpha_infinity + log10_sigma - 0.9095552)*(-log10_f + log10_sigma - 0.4141086))/log10_lambda,0.033624563070093844,0.02346765854858503,0.204382846587475,0.9086625797204289,-0.27962789330036236,0.23750064445405558,-0.31041778717628227,0.21358634137772503,0.021261729125388137,0.06169796958710444,0.003606325433462739,0.00036149977118955096,0.056608030803662335,0.049929309153244096,0.882018124361497,0.0,False,rmse;p95_curve_rmse,False,True,False,True,True,True,True,True
6,upperlow_2000_3000,f1,frequency_enhanced_f1,12,18,log(local_t2 + (((log10_sigma - log10_f) + -0.4681355) * ((local_t3 - alpha_infinity) + (log10_sigma - 1.0938725)))) / log10_lambda,log(local_t2 + (-log10_f + log10_sigma - 0.4681355)*(-alpha_infinity + local_t3 + log10_sigma - 1.0938725))/log10_lambda,0.032584621329029534,0.02338427723555117,0.18844430155374228,0.9142249857893832,-0.27962789330036236,0.23750064445405558,-0.3168483908734409,0.21278497207333766,0.021396203254790726,0.05936810422275734,0.003240759719343932,0.00042214265573532625,0.056608030803662335,0.052290372501522527,0.9237271065458,0.38,False,rmse;second_difference;excess_turning_points,False,True,True,True,False,True,True,False
6,upperlow_2000_3000,f1,frequency_enhanced_f1,13,20,log((((local_t3 - alpha_infinity) + (log10_sigma + local_t2)) - 1.0805346) * (log10_sigma + (-0.44821417 - log10_f))) / (log10_lambda / 0.96162087),0.96162087*log((-log10_f + log10_sigma - 0.44821417)*(-alpha_infinity + local_t2 + local_t3 + log10_sigma - 1.0805346))/log10_lambda,0.03261895649626478,0.023143496551098326,0.20064506920157937,0.9140441243279351,-0.27962789330036236,0.23750064445405558,-0.3131672293008396,0.19700199600556567,0.020368906907850245,0.059734318277774826,0.0031937922897077387,0.0003737694210463161,0.056608030803662335,0.04590073655302947,0.8108520275547167,0.38,False,rmse;excess_turning_points,False,True,True,True,True,True,True,False
7,uppermid_3000_4000,f0,all,16,23,(log((-1.0401769 - log(alpha_infinity / 0.84711915)) + (log10_sigma / (log10_lambda * -0.35754633))) * ((1.1897463 / (log10_sigma - 3.455935)) - 0.9700523)) - 0.14146614,(-0.9700523 + 1.1897463/(log10_sigma - 3.455935))*log(-log(1.18047148385206*alpha_infinity) - 1.0401769 - 2.79684034234109*log10_sigma/log10_lambda) - 0.14146614,0.03769418369068099,0.024584951477373947,0.20513832144209496,0.8038439815960516,-0.27139550862246464,0.19211874147932115,-0.28761304954356703,0.08696964463258125,0.01828820314754183,0.07916954980645771,0.00399127716220574,0.00017430468453352694,0.06042254316034509,0.0,0.0,0.0,True,,,,,,,,,
7,uppermid_3000_4000,f1,frequency_enhanced_f1,1,1,-0.14839078,-0.148390780000000,0.08523162566285726,0.06796354564424545,0.3405095214793211,-0.0028927606365407588,-0.27139550862246464,0.19211874147932115,-0.14839078,-0.14839078,0.06648065273055197,0.15854440511787424,0.00399127716220574,0.00017430468453352694,0.06042254316034509,0.0,0.0,0.0,False,rmse;median_curve_rmse;p95_curve_rmse,False,False,False,True,True,True,True,True
7,uppermid_3000_4000,f1,frequency_enhanced_f1,2,3,log10_sigma * -0.032292653,log10_sigma*(-0.032292653),0.07966611347788613,0.06230987877301649,0.3282806972203829,0.12380612393301271,-0.27139550862246464,0.19211874147932115,-0.1606745666982591,-0.13616195574106174,0.05859585044181355,0.15167387196112003,0.00399127716220574,0.00017430468453352694,0.06042254316034509,0.0,0.0,0.0,False,rmse;median_curve_rmse;p95_curve_rmse,False,False,False,True,True,True,True,True
7,uppermid_3000_4000,f1,frequency_enhanced_f1,3,4,log(4.038227 / log10_sigma),log(4.038227/log10_sigma),0.05378242229328185,0.03986593492497746,0.23531829243778488,0.6006684083646513,-0.27139550862246464,0.19211874147932115,-0.20873551718065064,-0.04319955095846373,0.037740876575781276,0.10836217167900904,0.00399127716220574,0.00017430468453352694,0.06042254316034509,0.0,0.0,0.0,False,rmse;median_curve_rmse;p95_curve_rmse,False,False,False,True,True,True,True,True
7,uppermid_3000_4000,f1,frequency_enhanced_f1,4,5,(log10_sigma * -0.34045744) + 1.4480788,1.4480788 + log10_sigma*(-0.34045744),0.04623385298710834,0.03228973243849639,0.20423836773443918,0.7048973375629402,-0.27139550862246464,0.19211874147932115,-0.2458932515127248,0.01254016906140265,0.02710718147701728,0.1033851329980347,0.00399127716220574,0.00017430468453352694,0.06042254316034509,0.0,0.0,0.0,False,rmse;median_curve_rmse;p95_curve_rmse,False,False,False,True,True,True,True,True
7,uppermid_3000_4000,f1,frequency_enhanced_f1,5,6,(log(log10_sigma) * -1.5709864) + 2.2775047,2.2775047 - 1.5709864*log(log10_sigma),0.04616500140349234,0.032324550092610344,0.20461951584791796,0.7057756185325039,-0.27139550862246464,0.19211874147932115,-0.24320778425079403,0.016846967395121037,0.02720132047694553,0.10333195357895884,0.00399127716220574,0.00017430468453352694,0.06042254316034509,0.0,0.0,0.0,False,rmse;median_curve_rmse;p95_curve_rmse,False,False,False,True,True,True,True,True
7,uppermid_3000_4000,f1,frequency_enhanced_f1,6,7,((7.2301536 - local_t3) / log10_sigma) + -1.6936852,-1.6936852 + (7.2301536 - local_t3)/log10_sigma,0.04347267097189655,0.030917633458639505,0.20139160163565636,0.739093078386342,-0.27139550862246464,0.19211874147932115,-0.26497367791532467,0.05027095974670681,0.02643098203849495,0.09366402102684439,0.0038836464480515804,0.0006052116793974989,0.06042254316034509,0.052157125005877616,0.8632063842044304,0.0,False,rmse;median_curve_rmse;p95_curve_rmse;second_difference,False,False,False,True,False,True,True,True
7,uppermid_3000_4000,f1,frequency_enhanced_f1,7,8,(log(log10_f + log10_sigma) * -2.8070006) + 5.7676907,5.7676907 - 2.8070006*log(log10_f + log10_sigma),0.04292275291112716,0.030256547786318977,0.19464665283617952,0.7456521394690923,-0.27139550862246464,0.19211874147932115,-0.26483029093175947,0.040185782576131146,0.025909802436989322,0.09233405085194013,0.0033968341687841885,0.00017874588418275388,0.06042254316034509,0.04229340705104374,0.6999607239107509,0.0,False,rmse;median_curve_rmse;p95_curve_rmse,False,False,False,True,True,True,True,True
7,uppermid_3000_4000,f1,frequency_enhanced_f1,8,9,(((log10_sigma * -0.52012) + 2.4564898) / alpha_infinity) + -0.16003326,-0.16003326 + (2.4564898 + log10_sigma*(-0.52012))/alpha_infinity,0.04270865206057498,0.02764071822130486,0.2086542246409611,0.7481832109743172,-0.27139550862246464,0.19211874147932115,-0.27411281659743936,0.018044908842133084,0.020502127553482085,0.0914842970223729,0.00399127716220574,0.00017430468453352694,0.06042254316034509,0.0,0.0,0.0,False,rmse;median_curve_rmse;p95_curve_rmse,False,False,False,True,True,True,True,True
7,uppermid_3000_4000,f1,frequency_enhanced_f1,9,10,(((sqrt(log10_sigma) * -2.2349586) + 4.8557124) / alpha_infinity) + -0.15987517,-0.15987517 + (4.8557124 - 2.2349586*sqrt(log10_sigma))/alpha_infinity,0.04260757061900587,0.0274757969145708,0.2068518515042568,0.7493737838895014,-0.27139550862246464,0.19211874147932115,-0.27246345824779394,0.018566390571583935,0.020120634626638514,0.09144084204842033,0.00399127716220574,0.00017430468453352694,0.06042254316034509,0.0,0.0,0.0,False,rmse;median_curve_rmse;p95_curve_rmse,False,False,False,True,True,True,True,True
7,uppermid_3000_4000,f1,frequency_enhanced_f1,10,11,(((log10_sigma * -0.4786451) + 2.2989542) / (local_t + alpha_infinity)) + -0.1880806,(2.2989542 + log10_sigma*(-0.4786451))/(alpha_infinity + local_t) - 0.1880806,0.04025082119704255,0.028778829865193277,0.1716403118220209,0.7763327269504504,-0.27139550862246464,0.19211874147932115,-0.3156379793970856,0.17664777220321015,0.024485437453461503,0.08291376484378563,0.0036352029846607047,0.000309603519066275,0.06042254316034509,0.0443688357240962,0.7343093058223867,0.0,False,rmse;median_curve_rmse;second_difference,False,False,True,True,False,True,True,True
7,uppermid_3000_4000,f1,frequency_enhanced_f1,11,13,((((log10_sigma * -0.4548127) + 2.1829267) * (1.1338562 - local_t)) / alpha_infinity) + -0.1867111,-0.1867111 + (1.1338562 - local_t)*(2.1829267 + log10_sigma*(-0.4548127))/alpha_infinity,0.0372671261720191,0.026945636164432997,0.1617002450330299,0.8082635157190586,-0.27139550862246464,0.19211874147932115,-0.2983435892104161,0.11932895829793919,0.023094944948606255,0.08275441754153207,0.0028342664330704113,0.00017430468453352615,0.06042254316034509,0.05321451611336484,0.8807063279701404,0.0,False,median_curve_rmse,True,False,True,True,True,True,True,True
7,uppermid_3000_4000,f1,frequency_enhanced_f1,12,14,(((1.525342 / alpha_infinity) - local_t) * ((sqrt(log10_sigma) * -1.4376738) + 3.1523073)) + -0.18956202,(3.1523073 - 1.4376738*sqrt(log10_sigma))*(-local_t + 1.525342/alpha_infinity) - 0.18956202,0.03549237313860209,0.025731105968080707,0.158093733678419,0.8260906108207235,-0.27139550862246464,0.19211874147932115,-0.28637719759545166,0.10249772399280271,0.02271929929723131,0.08007337125152188,0.00242299077472559,0.00017430468453352661,0.06042254316034509,0.05939595378063295,0.9830098283518479,0.0,False,median_curve_rmse,True,False,True,True,True,True,True,True
7,uppermid_3000_4000,f1,frequency_enhanced_f1,13,16,((4.773561 - ((local_t + 2.166925) * alpha_infinity)) * ((sqrt(log10_sigma) * -0.95911187) + 2.0930333)) + -0.1722791,(2.0930333 - 0.95911187*sqrt(log10_sigma))*(-alpha_infinity*(local_t + 2.166925) + 4.773561) - 0.1722791,0.03635186813202767,0.026354273636974433,0.15314434140939623,0.8175657309804505,-0.27139550862246464,0.19211874147932115,-0.3021164975918522,0.10193769993883353,0.02230405239138846,0.08026180775887974,0.0024180210091094352,0.00017430468453352632,0.06042254316034509,0.06031545061282595,0.9982276060900822,0.0,False,median_curve_rmse,True,False,True,True,True,True,True,True
7,uppermid_3000_4000,f1,frequency_enhanced_f1,14,18,(((4.7980366 - (alpha_infinity * (local_t + 2.0375464))) * ((sqrt(log10_sigma) * -0.8522654) + 1.8613728)) + -0.16974941) / 0.96428657,1.03703611676351*(1.8613728 - 0.8522654*sqrt(log10_sigma))*(-alpha_infinity*(local_t + 2.0375464) + 4.7980366) - 0.176036268969296,0.034718219638540666,0.02487465733105107,0.14313354965073322,0.8335944354160911,-0.27139550862246464,0.19211874147932115,-0.297780090106115,0.09576429182468296,0.020977522429716317,0.07450079845112814,0.0024007097789943655,0.0001743046845335264,0.06042254316034509,0.05575165876466175,0.9226963290292487,0.0,False,median_curve_rmse,True,False,True,True,True,True,True,True
7,uppermid_3000_4000,f1,frequency_enhanced_f1,15,19,((((sqrt(log10_sigma) * -0.8238165) + 1.8013053) * sqrt(alpha_infinity)) * (4.7878456 - (alpha_infinity * (local_t + 2.1281135)))) + -0.1798502,sqrt(alpha_infinity)*(1.8013053 - 0.8238165*sqrt(log10_sigma))*(-alpha_infinity*(local_t + 2.1281135) + 4.7878456) - 0.1798502,0.03337168740113911,0.02417408784490643,0.14849648394322829,0.846252066944044,-0.27139550862246464,0.19211874147932115,-0.29035867204670596,0.09579227062720239,0.021502456024166006,0.07409891451387177,0.0022001378753865367,0.000174304684533526,0.06042254316034509,0.0662072576607347,1.0957376865955235,0.0,False,median_curve_rmse,True,False,True,True,True,True,True,True
7,uppermid_3000_4000,f1,frequency_enhanced_f1,16,20,((2.2047064 - (alpha_infinity * (local_t - (log10_lambda + log10_f)))) * (((sqrt(log10_sigma) * -1.5090556) + 3.3002694) / alpha_infinity)) + -0.17952481,-0.17952481 + (3.3002694 - 1.5090556*sqrt(log10_sigma))*(-alpha_infinity*(local_t - log10_f - log10_lambda) + 2.2047064)/alpha_infinity,0.031455439901004634,0.023035877458964855,0.14632433120262694,0.8634019566228771,-0.27139550862246464,0.19211874147932115,-0.3039447003227522,0.15133179158381618,0.01972983546936631,0.060311508735730816,0.0025696188077699482,0.00017310737088253495,0.06042254316034509,0.05346408543836586,0.8848367288428531,0.0,False,median_curve_rmse,True,False,True,True,True,True,True,True
7,uppermid_3000_4000,f1,frequency_enhanced_f1,17,22,(((((log10_sigma * -0.1272846) + 0.6074493) * (sqrt(log10_f) - ((local_t - (log10_lambda + log10_f)) * alpha_infinity))) / alpha_infinity) + -0.049643528) * log10_f,log10_f*(-0.049643528 + (0.6074493 - 0.1272846*log10_sigma)*(-alpha_infinity*(local_t - log10_f - log10_lambda) + sqrt(log10_f))/alpha_infinity),0.030489081874568447,0.022443431712070392,0.1686358200545178,0.8716660252489574,-0.27139550862246464,0.19211874147932115,-0.31897653076109134,0.17364328043570704,0.0199835784240042,0.0575986665999036,0.002466166987929385,0.00017063529797289599,0.06042254316034509,0.06545257628079268,1.08324762344245,0.013333333333333334,False,median_curve_rmse;prediction_bounds,True,False,True,True,True,False,True,True
7,uppermid_3000_4000,f1,frequency_enhanced_f1,18,23,log10_f * ((((sqrt(log10_f) - (alpha_infinity * (local_t - (log10_lambda + log10_f)))) / alpha_infinity) * ((sqrt(log10_sigma) * -0.54708683) + 1.1949388)) + -0.04962812),log10_f*(-0.04962812 + (1.1949388 - 0.54708683*sqrt(log10_sigma))*(-alpha_infinity*(local_t - log10_f - log10_lambda) + sqrt(log10_f))/alpha_infinity),0.030274120524199106,0.022295038041901947,0.16961670840902707,0.8734692671418733,-0.27139550862246464,0.19211874147932115,-0.31662993075762225,0.1746241687902163,0.019745356592327033,0.056386762887194984,0.002459281597090128,0.0001706426187019703,0.06042254316034509,0.06497015395619515,1.0752634787943622,0.006666666666666667,False,median_curve_rmse,True,False,True,True,True,True,True,True
7,uppermid_3000_4000,f1,frequency_enhanced_f1,19,24,(((2.353922 - ((local_t - (log(log10_sigma) * (log10_f + log10_lambda))) * alpha_infinity)) * ((sqrt(log10_sigma) * -1.5128133) + 3.3317184)) + -0.24750634) / sqrt(alpha_infinity),((3.3317184 - 1.5128133*sqrt(log10_sigma))*(-alpha_infinity*(local_t - (log10_f + log10_lambda)*log(log10_sigma)) + 2.353922) - 0.24750634)/sqrt(alpha_infinity),0.026131321118536624,0.018803045179727283,0.15198293004325633,0.9057295270203067,-0.27139550862246464,0.19211874147932115,-0.31286842557624944,0.19239162035067153,0.017657568173565813,0.04831030576173892,0.002141234451747518,0.00017206093933447964,0.06042254316034509,0.06733876646604127,1.1144642867371934,0.0,True,,True,True,True,True,True,True,True,True
8,upperhigh_4000_4950,f0,sobol_subset,13,23,(((((((log10_sigma * -0.1843249) - -0.93164384) * 1.0645818) * ((log10_sigma / alpha_infinity) + (log10_f * -0.62710845))) - 0.4006093) + 0.075972274) * 1.0643218) / alpha_infinity,((log10_sigma*(-0.1843249) - 1*(-0.93164384))*1.0645818*(log10_f*(-0.62710845) + log10_sigma/alpha_infinity) - 1*0.4006093 + 0.075972274)*1.0643218/alpha_infinity,0.03299513614877155,0.022136840816900365,0.17815497280585607,0.49386463165395267,-0.3076094856388623,0.052376708258041464,-0.2755090049502143,-0.08508069416749425,0.018186041685555963,0.07237438636596605,0.0030047656858580357,0.00025326392718531414,0.04392529634838101,0.0027178890700539893,0.06187525858671105,0.0,True,,,,,,,,,
8,upperhigh_4000_4950,f1,frequency_enhanced_f1,1,1,-0.1857076,-0.185707600000000,0.04677585941923873,0.03500535655084918,0.23808430825804147,-0.0172094548384345,-0.3076094856388623,0.052376708258041464,-0.1857076,-0.1857076,0.03135062864823804,0.09098882098041902,0.003039438571573182,0.00025397409945282723,0.04392529634838101,0.0,0.0,0.0,False,rmse;median_curve_rmse;p95_curve_rmse,False,False,False,True,True,True,True,True
8,upperhigh_4000_4950,f1,frequency_enhanced_f1,2,3,log10_sigma * -0.039726034,log10_sigma*(-0.039726034),0.04423506561900557,0.032857593077632787,0.22511194609525814,0.09029582317895624,-0.3076094856388623,0.052376708258041464,-0.19765992281867673,-0.16750480312893198,0.031111122787996822,0.08583281729505389,0.003039438571573182,0.00025397409945282723,0.04392529634838101,0.0,0.0,0.0,False,rmse;median_curve_rmse;p95_curve_rmse,False,False,False,True,True,True,True,True
8,upperhigh_4000_4950,f1,frequency_enhanced_f1,3,5,(log10_sigma * -0.098096065) - -0.27428326,log10_sigma*(-0.098096065) - 1*(-0.27428326),0.043255112748125546,0.03163651747132267,0.20463104621383205,0.1301552756327795,-0.3076094856388623,0.052376708258041464,-0.21380121973225552,-0.13933875058247885,0.02827519527898021,0.0865820752187757,0.003039438571573182,0.00025397409945282723,0.04392529634838101,0.0,0.0,0.0,False,rmse;median_curve_rmse;p95_curve_rmse,False,False,False,True,True,True,True,True
8,upperhigh_4000_4950,f1,frequency_enhanced_f1,4,7,((log10_lambda * 0.7712851) + log10_sigma) / log10_k0_prime,(log10_lambda*0.7712851 + log10_sigma)/log10_k0_prime,0.04196877020832484,0.030273300505440144,0.2203573382051324,0.18112177284668196,-0.3076094856388623,0.052376708258041464,-0.2467184934709756,-0.11300277249539817,0.025493231953071308,0.08193900373083735,0.003039438571573182,0.00025397409945282723,0.04392529634838101,0.0,0.0,0.0,False,rmse;median_curve_rmse;p95_curve_rmse,False,False,False,True,True,True,True,True
8,upperhigh_4000_4950,f1,frequency_enhanced_f1,5,9,(log10_lambda + (log10_sigma + 1.6056867)) * (0.6963805 / log10_k0_prime),(log10_lambda + log10_sigma + 1.6056867)*0.6963805/log10_k0_prime,0.04138184299582368,0.029920665718803918,0.2306499297952304,0.20386540811203913,-0.3076094856388623,0.052376708258041464,-0.23473074209041442,-0.12702867324743464,0.026187502973825775,0.0809485274481573,0.003039438571573182,0.00025397409945282723,0.04392529634838101,0.0,0.0,0.0,False,rmse;median_curve_rmse;p95_curve_rmse,False,False,False,True,True,True,True,True
8,upperhigh_4000_4950,f1,frequency_enhanced_f1,6,11,(log10_sigma / ((log10_k0_prime + log10_sigma) - 9.55013)) + (log10_lambda * -0.041496348),log10_lambda*(-0.041496348) + log10_sigma/(log10_k0_prime + log10_sigma - 1*9.55013),0.04088075997895108,0.029125178725206098,0.21580913301152835,0.223029090659153,-0.3076094856388623,0.052376708258041464,-0.23201873975207452,-0.12131867126275755,0.025344238273815746,0.0813522139740742,0.003039438571573182,0.00025397409945282723,0.04392529634838101,0.0,0.0,0.0,False,rmse;median_curve_rmse;p95_curve_rmse,False,False,False,True,True,True,True,True
8,upperhigh_4000_4950,f1,frequency_enhanced_f1,7,12,((log10_lambda / log10_sigma) + 1.7788162) / (log10_k0_prime + (log10_sigma - sqrt(alpha_infinity))),(log10_lambda/log10_sigma + 1.7788162)/(-sqrt(alpha_infinity) + log10_k0_prime + log10_sigma),0.04041782551471307,0.02761834261623589,0.2326081463496839,0.24052632226568804,-0.3076094856388623,0.052376708258041464,-0.24305622206744543,-0.12409463919927545,0.023134012017168665,0.07870283668317325,0.003039438571573182,0.00025397409945282723,0.04392529634838101,0.0,0.0,0.0,False,rmse;median_curve_rmse;p95_curve_rmse,False,False,False,True,True,True,True,True
8,upperhigh_4000_4950,f1,frequency_enhanced_f1,8,13,((log10_lambda / log10_sigma) + 1.474701) / (((log10_sigma + log10_k0_prime) - alpha_infinity) * 0.63106596),(log10_lambda/log10_sigma + 1.474701)/(((-alpha_infinity + log10_k0_prime + log10_sigma)*0.63106596)),0.04093416780754116,0.02651056056073155,0.2393234155120262,0.2209976492094311,-0.3076094856388623,0.052376708258041464,-0.26594857483563283,-0.11760632520672655,0.019248741368601392,0.08297880708175132,0.003039438571573182,0.00025397409945282723,0.04392529634838101,0.0,0.0,0.0,False,rmse;median_curve_rmse;p95_curve_rmse,False,False,False,True,True,True,True,True
8,upperhigh_4000_4950,f1,frequency_enhanced_f1,9,14,(((log10_lambda / log10_sigma) + 1.4035927) / (log10_k0_prime + (log10_sigma - log(alpha_infinity)))) - 0.053742334,(log10_lambda/log10_sigma + 1.4035927)/(log10_k0_prime + log10_sigma - log(alpha_infinity)) - 0.053742334,0.04035948958873547,0.027138811405745082,0.23587468756360402,0.24271706987698238,-0.3076094856388623,0.052376708258041464,-0.25235997468221993,-0.13096651395207043,0.021300831978624403,0.08093402210643046,0.003039438571573182,0.00025397409945282723,0.04392529634838101,0.0,0.0,0.0,False,rmse;median_curve_rmse;p95_curve_rmse,False,False,False,True,True,True,True,True
8,upperhigh_4000_4950,f1,frequency_enhanced_f1,10,15,((log10_lambda / log10_sigma) + 2.0514462) / (log10_k0_prime + (((log10_sigma - log10_f) * 2.758342) / alpha_infinity)),(log10_lambda/log10_sigma + 2.0514462)/(log10_k0_prime + (-log10_f + log10_sigma)*2.758342/alpha_infinity),0.03997135523421716,0.025668955389205425,0.23490806596672983,0.2572125049862267,-0.3076094856388623,0.052376708258041464,-0.27877695270822206,-0.12706359233909853,0.01763006961384233,0.08500427073212752,0.0030715650140949826,0.00025482579474020114,0.04392529634838101,0.00513040517658796,0.11679841920467898,0.0,False,rmse;p95_curve_rmse,False,True,False,True,True,True,True,True
8,upperhigh_4000_4950,f1,frequency_enhanced_f1,11,16,((log10_lambda / log10_sigma) + 1.9462197) / (log10_k0_prime + (((log10_sigma - log10_f) * 2.9372306) / sqrt(alpha_infinity))),(log10_lambda/log10_sigma + 1.9462197)/(log10_k0_prime + (-2.9372306*log10_f + 2.9372306*log10_sigma)/sqrt(alpha_infinity)),0.039766243761727806,0.025223575793687933,0.22420984809346076,0.26481611692304063,-0.3076094856388623,0.052376708258041464,-0.2769880937566788,-0.12112091127568496,0.01699244533175378,0.08447293902248837,0.0030765196136605397,0.0002553542679748106,0.04392529634838101,0.007112069677505408,0.16191284450531757,0.0,False,rmse;p95_curve_rmse,False,True,False,True,True,True,True,True
8,upperhigh_4000_4950,f1,frequency_enhanced_f1,12,17,((log10_lambda / log10_sigma) + 2.060572) / ((((log10_sigma - log10_f) * (log10_sigma * 0.56529903)) / alpha_infinity) + log10_k0_prime),(log10_lambda/log10_sigma + 2.060572)/(log10_k0_prime + (-log10_f + log10_sigma)*log10_sigma*0.56529903/alpha_infinity),0.03960783833852575,0.02514333860412733,0.23066385867888936,0.27066153528143055,-0.3076094856388623,0.052376708258041464,-0.28383447629325076,-0.12652186228441553,0.016428959406413722,0.08423088503809209,0.003066142651072816,0.0002547494187822826,0.04392529634838101,0.0049668317714872375,0.11307451934061463,0.0,False,rmse;p95_curve_rmse,False,True,False,True,True,True,True,True
8,upperhigh_4000_4950,f1,frequency_enhanced_f1,13,18,((log10_lambda / log10_sigma) + 2.188834) / (log10_k0_prime + ((log10_sigma / alpha_infinity) * log((log10_sigma - log10_f) * 1.4083387))),(log10_lambda/log10_sigma + 2.188834)/(log10_k0_prime + log10_sigma*log(-1.4083387*log10_f + 1.4083387*log10_sigma)/alpha_infinity),0.039071035564584904,0.024780430811241885,0.21370679141452667,0.2902969339697299,-0.3076094856388623,0.052376708258041464,-0.2775813406320041,-0.12590388094554036,0.016649798390742297,0.0864500180335816,0.0030942574069812772,0.0002549522525937306,0.04392529634838101,0.00737408458324713,0.16787785618477502,0.0,False,rmse;p95_curve_rmse,False,True,False,True,True,True,True,True
8,upperhigh_4000_4950,f1,frequency_enhanced_f1,14,22,((log10_lambda / log10_sigma) + 2.1795762) / (((((log10_sigma * log((log10_sigma * 1.3832607) - log10_f)) - log10_f) / alpha_infinity) * 1.4321883) + log10_k0_prime),(log10_lambda/log10_sigma + 2.1795762)/(log10_k0_prime + 1.4321883*(-log10_f + log10_sigma*log(-log10_f + 1.3832607*log10_sigma))/alpha_infinity),0.038906676078567716,0.024873148888728245,0.21470421189895006,0.2962553674823749,-0.3076094856388623,0.052376708258041464,-0.2764315097404494,-0.1269512544440382,0.01755086090077767,0.0848819528406542,0.003075428670707045,0.0002550054958345876,0.04392529634838101,0.006266370969179005,0.14265973118266667,0.0,False,rmse;p95_curve_rmse,False,True,False,True,True,True,True,True
8,upperhigh_4000_4950,f1,frequency_enhanced_f1,15,24,(((log10_lambda / log10_sigma) + 2.0269752) / (log10_k0_prime + (log((log10_sigma - log10_f) * ((log10_lambda / log10_sigma) + 2.2767618)) * (log10_sigma / alpha_infinity)))) - 0.02198578,-0.02198578 + (log10_lambda/log10_sigma + 2.0269752)/(log10_k0_prime + log10_sigma*log((-log10_f + log10_sigma)*(log10_lambda/log10_sigma + 2.2767618))/alpha_infinity),0.038990076006599046,0.0249385651212951,0.21505053555369777,0.29323505510090997,-0.3076094856388623,0.052376708258041464,-0.2826438562566666,-0.1301548202883624,0.017897276488950453,0.08507717792514105,0.0030857994623690083,0.0002548220952229216,0.04392529634838101,0.006586840865448198,0.14995552478932736,0.0,False,rmse;p95_curve_rmse,False,True,False,True,True,True,True,True
